pair,classifier,subset,accuracy,f1_macro,f1_weighted,f1_buggy,f1_clean,auc,auprc,precision_buggy,recall_buggy,precision_clean,recall_clean,far,csi,mcc,support_buggy,support_clean,total
1,RandomForest,baseline,0.9474161378059837,0.8433576227693875,0.94486965579174,0.7156862745098039,0.971028971028971,0.976427996781979,0.7709451540929511,0.8021978021978022,0.6460176991150443,0.9604743083003953,0.9818181818181818,0.018181818181818188,0.5572519083969466,0.6919775403565049,113,990,1103
1,RandomForest,new_files,0.9393939393939394,0.484375,0.9100378787878788,0.0,0.96875,0.7903225806451613,0.24358974358974358,0.0,0.0,0.9393939393939394,1.0,0.0,0.0,0.0,2,31,33
1,RandomForest,changed_label,0.7066666666666667,0.4140625,0.7839583333333333,0.0,0.828125,0.02112676056338028,0.03427274786299692,0.0,0.0,0.9298245614035088,0.7464788732394366,0.2535211267605634,0.0,-0.13338274350117102,4,71,75
2,RandomForest,baseline,0.9729241877256317,0.9255055938037866,0.9714222413118175,0.8660714285714286,0.9849397590361446,0.9834157695664824,0.9397349005340327,0.9897959183673469,0.7698412698412699,0.9712871287128713,0.9989816700610998,0.0010183299389001643,0.7637795275590551,0.859594493785611,126,982,1108
2,RandomForest,new_files,0.8,0.4444444444444444,0.711111111111111,0.0,0.8888888888888888,0.875,0.5,0.0,0.0,0.8,1.0,0.0,0.0,0.0,1,4,5
2,RandomForest,changed_label,0.7888888888888889,0.4409937888198758,0.7055900621118012,0.0,0.8819875776397516,0.32368827160493824,0.23806093066741812,0.0,0.0,0.797752808988764,0.9861111111111112,0.01388888888888884,0.0,-0.052999894000317994,18,72,90
3,RandomForest,baseline,0.9713004484304932,0.9165996596667727,0.97057352764958,0.8490566037735849,0.9841427155599604,0.9806740492807293,0.9298984926194651,0.9,0.8035714285714286,0.9783251231527094,0.9900299102691924,0.009970089730807596,0.7377049180327869,0.8348892104173724,112,1003,1115
3,RandomForest,new_files,1.0,1.0,1.0,nan,nan,nan,nan,nan,nan,nan,nan,nan,nan,nan,0,8,8
3,RandomForest,changed_label,0.7798165137614679,0.560483870967742,0.7684226102397159,0.25,0.8709677419354839,0.6050061050061051,0.26411457187146026,0.2857142857142857,0.2222222222222222,0.8526315789473684,0.8901098901098901,0.10989010989010994,0.14285714285714285,0.12466227661107486,18,91,109
4,RandomForest,baseline,0.9591836734693877,0.8812488546820597,0.9564521135557026,0.7850467289719626,0.9774509803921568,0.955721828134616,0.8756114342801691,0.9230769230769231,0.6829268292682927,0.9623552123552124,0.9930278884462151,0.006972111553784854,0.6461538461538462,0.773635591969102,123,1004,1127
4,RandomForest,new_files,0.75,0.42857142857142855,0.6428571428571428,0.0,0.8571428571428571,1.0,1.0,0.0,0.0,0.75,1.0,0.0,0.0,0.0,3,9,12
4,RandomForest,changed_label,0.7424242424242424,0.5363636363636364,0.6955922865013774,0.22727272727272727,0.8454545454545455,0.479375,0.33301353189764693,0.4166666666666667,0.15625,0.775,0.93,0.06999999999999995,0.1282051282051282,0.12857390870623792,32,100,132
5,RandomForest,baseline,0.9583333333333334,0.8518537562312485,0.9554497339534375,0.7262569832402235,0.9774505292222734,0.9727558157420896,0.84846274106765,0.8552631578947368,0.6310679611650486,0.9654545454545455,0.9897483690587139,0.010251630941286116,0.5701754385964912,0.7138031610626111,103,1073,1176
5,RandomForest,new_files,0.9183673469387755,0.4787234042553192,0.8792878853669127,0.0,0.9574468085106383,0.8972222222222223,0.32916666666666666,0.0,0.0,0.9183673469387755,1.0,0.0,0.0,0.0,4,45,49
5,RandomForest,changed_label,0.7908496732026143,0.5192458758837392,0.7672319516966252,0.15789473684210525,0.8805970149253731,0.6413113695090439,0.2409946218638338,0.21428571428571427,0.125,0.8489208633093526,0.9147286821705426,0.0852713178294574,0.08571428571428572,0.05011101707571051,24,129,153
6,RandomForest,baseline,0.9664710813076278,0.8822216956916638,0.9639661441733572,0.782608695652174,0.9818346957311535,0.9790709282112183,0.9053765820549758,0.935064935064935,0.6728971962616822,0.9686379928315412,0.9953959484346224,0.004604051565377576,0.6428571428571429,0.7771347833903679,107,1086,1193
6,RandomForest,new_files,0.7777777777777778,0.4375,0.6805555555555556,0.0,0.875,0.9285714285714286,0.875,0.0,0.0,0.7777777777777778,1.0,0.0,0.0,0.0,4,14,18
6,RandomForest,changed_label,0.85,0.671120246659815,0.8287769784172662,0.42857142857142855,0.9136690647482014,0.7736742424242424,0.4817912122152136,0.6428571428571429,0.32142857142857145,0.8698630136986302,0.9621212121212122,0.037878787878787845,0.2727272727272727,0.38128950865844785,28,132,160
7,RandomForest,baseline,0.9640575079872205,0.8864751480518015,0.9611341147142917,0.7926267281105991,0.9803235679930039,0.9660705349199288,0.884513739847915,0.9662921348314607,0.671875,0.9638865004299226,0.9973309608540926,0.002669039145907437,0.6564885496183206,0.7889747064234964,128,1124,1252
7,RandomForest,new_files,0.922077922077922,0.7062937062937062,0.9024611751884478,0.45454545454545453,0.958041958041958,0.9074710176041219,0.6804209295296719,1.0,0.29411764705882354,0.9194630872483222,1.0,0.0,0.29411764705882354,0.5200291528163765,17,137,154
7,RandomForest,changed_label,0.8170731707317073,0.667477696674777,0.7844341582101952,0.4444444444444444,0.8905109489051095,0.7262564102564102,0.6391571368693625,0.8,0.3076923076923077,0.8187919463087249,0.976,0.02400000000000002,0.2857142857142857,0.4189827147147442,39,125,164
8,RandomForest,baseline,0.9592621060722522,0.8502652545814233,0.9581819570935141,0.7225130890052356,0.978017420157611,0.981023102310231,0.7695153023891577,0.7666666666666667,0.6831683168316832,0.9735755573905863,0.9825,0.01749999999999996,0.5655737704918032,0.7019656653540352,101,1200,1301
8,RandomForest,new_files,0.9423076923076923,0.48514851485148514,0.9143183549124143,0.0,0.9702970297029703,0.6870748299319727,0.26513098464317975,0.0,0.0,0.9423076923076923,1.0,0.0,0.0,0.0,3,49,52
8,RandomForest,changed_label,0.7817258883248731,0.6595941330118545,0.7806908734493391,0.45569620253164556,0.8634920634920635,0.8167993630573249,0.3967896524761069,0.46153846153846156,0.45,0.8607594936708861,0.8662420382165605,0.13375796178343946,0.29508196721311475,0.3192556378021128,40,157,197
9,RandomForest,baseline,0.9541984732824428,0.8210382513661202,0.9541984732824428,0.6666666666666666,0.9754098360655737,0.9573269581056466,0.7471547994791359,0.6666666666666666,0.6666666666666666,0.9754098360655737,0.9754098360655737,0.024590163934426257,0.5,0.6420765027322405,90,1220,1310
9,RandomForest,new_files,0.7777777777777778,0.4375,0.6805555555555556,0.0,0.875,0.8928571428571429,0.5833333333333333,0.0,0.0,0.7777777777777778,1.0,0.0,0.0,0.0,2,7,9
9,RandomForest,changed_label,0.7638888888888888,0.5970001829156759,0.7746946324411114,0.33766233766233766,0.856338028169014,0.6650775694893342,0.37576667004233577,0.3023255813953488,0.38235294117647056,0.8786127167630058,0.8351648351648352,0.1648351648351648,0.203125,0.19838673410887503,34,182,216
10,RandomForest,baseline,0.9694656488549618,0.8727957741008312,0.9694656488549618,0.7619047619047619,0.9836867862969005,0.9844441855045444,0.8783117422105997,0.7619047619047619,0.7619047619047619,0.9836867862969005,0.9836867862969005,0.01631321370309946,0.6153846153846154,0.7455915482016624,84,1226,1310
10,RandomForest,changed_label,0.8385650224215246,0.694984802431611,0.8423187536630912,0.4857142857142857,0.9042553191489362,0.8430622009569377,0.6023583590189286,0.4594594594594595,0.5151515151515151,0.9139784946236559,0.8947368421052632,0.10526315789473684,0.32075471698113206,0.391238890623696,33,190,223
11,RandomForest,baseline,0.9594290007513148,0.7964370680865527,0.9566919405890182,0.6142857142857143,0.9785884218873909,0.9250299760191847,0.6811249296505476,0.7166666666666667,0.5375,0.970889063729347,0.9864108713029577,0.013589128697042319,0.44329896907216493,0.6001815740099965,80,1251,1331
11,RandomForest,new_files,1.0,1.0,1.0,nan,nan,nan,nan,nan,nan,nan,nan,nan,nan,nan,0,24,24
11,RandomForest,changed_label,0.823045267489712,0.6181618856203179,0.8126859953727201,0.3384615384615385,0.8978622327790974,0.6220808186827604,0.3593726159540998,0.39285714285714285,0.2972972972972973,0.8790697674418605,0.9174757281553398,0.08252427184466016,0.2037037037037037,0.24166622690583972,37,206,243
12,RandomForest,baseline,0.9597173144876325,0.7685181199039115,0.954810958794582,0.5581395348837209,0.9788967049241022,0.9372443407925667,0.642811779140976,0.75,0.4444444444444444,0.9670811997073885,0.9910044977511244,0.008995502248875575,0.3870967741935484,0.5587953559944031,81,1334,1415
12,RandomForest,new_files,0.9655172413793104,0.49122807017543857,0.9485783424077435,0.0,0.9824561403508771,0.9285714285714284,0.47916666666666663,0.0,0.0,0.9655172413793104,1.0,0.0,0.0,0.0,3,84,87
12,RandomForest,changed_label,0.8223938223938224,0.5664483260553129,0.7940983403865499,0.23333333333333334,0.8995633187772926,0.6491385097337211,0.3242559254067068,0.3684210526315789,0.17073170731707318,0.8583333333333333,0.944954128440367,0.05504587155963303,0.1320754716981132,0.16196379426284147,41,218,259
13,RandomForest,baseline,0.9701960784313726,0.7983736724706196,0.9690282116109086,0.6122448979591837,0.9845024469820555,0.970015131396103,0.6592566674547229,0.6666666666666666,0.5660377358490566,0.9813008130081301,0.9877250409165302,0.01227495908346976,0.4411764705882353,0.5990160855924609,53,1222,1275
13,RandomForest,new_files,0.9047619047619048,0.475,0.8595238095238096,0.0,0.95,0.7894736842105263,0.26666666666666666,0.0,0.0,0.9047619047619048,1.0,0.0,0.0,0.0,2,19,21
13,RandomForest,changed_label,0.8867924528301887,0.6429213079410707,0.8867924528301887,0.34782608695652173,0.9380165289256198,0.8106360043118936,0.3481366914775913,0.34782608695652173,0.34782608695652173,0.9380165289256198,0.9380165289256198,0.06198347107438018,0.21052631578947367,0.28584261588214155,23,242,265
14,RandomForest,baseline,0.9740061162079511,0.8084820505753463,0.9721004115049441,0.6304347826086957,0.9865293185419969,0.963489438472525,0.6704791215248328,0.7435897435897436,0.5471698113207547,0.9810874704491725,0.9920318725099602,0.007968127490039834,0.4603174603174603,0.6250977315936564,53,1255,1308
14,RandomForest,new_files,0.9565217391304348,0.4888888888888889,0.9352657004830917,0.0,0.9777777777777777,0.9886363636363636,0.8333333333333333,0.0,0.0,0.9565217391304348,1.0,0.0,0.0,0.0,2,44,46
14,RandomForest,changed_label,0.8966789667896679,0.6221115537848606,0.8871701386336572,0.3,0.9442231075697212,0.7559885290148448,0.3604892806567158,0.375,0.25,0.9294117647058824,0.9595141700404858,0.04048582995951422,0.17647058823529413,0.2525442104521753,24,247,271
15,RandomForest,baseline,0.9837278106508875,0.8678913425835451,0.983361818650675,0.7441860465116279,0.9915966386554622,0.9919748363512709,0.8193713172362902,0.7804878048780488,0.7111111111111111,0.9900839054157132,0.9931140015302219,0.00688599846977811,0.5925925925925926,0.7366518509308513,45,1307,1352
15,RandomForest,new_files,1.0,1.0,1.0,nan,nan,nan,nan,nan,nan,nan,nan,nan,nan,nan,0,51,51
15,RandomForest,changed_label,0.9379562043795621,0.7759176408332131,0.9386516488583018,0.5853658536585366,0.9664694280078896,0.9364173228346456,0.5908453782392976,0.5714285714285714,0.6,0.9683794466403162,0.9645669291338582,0.03543307086614178,0.41379310344827586,0.552048689051053,20,254,274
