pair,classifier,subset,f1_macro,auc,precision_buggy,recall_buggy,precision_clean,recall_clean,mcc,support_buggy,support_clean,total
1,RandomForest,baseline,0.5609335038363171,0.8858925045952755,1.0,0.14864864864864866,0.7590822179732314,1.0,0.3359115150079553,148,397,545
1,RandomForest,new_files,0.38095238095238093,0.7421875,0.0,0.0,0.6153846153846154,1.0,0.0,20,32,52
1,RandomForest,changed_label,0.0,nan,nan,nan,nan,nan,nan,44,0,44
2,RandomForest,baseline,0.6246888794965718,0.834301140994295,1.0,0.2803030303030303,0.6828046744574291,1.0,0.43748396468384015,264,409,673
2,RandomForest,new_files,0.340080971659919,0.6110608800482218,0.0,0.0,0.5153374233128835,1.0,0.0,79,84,163
2,RandomForest,changed_label,0.0,nan,nan,nan,nan,nan,nan,37,0,37
3,RandomForest,baseline,0.722598563880233,0.8956997173166359,1.0,0.46107784431137727,0.686411149825784,1.0,0.5625735269926645,334,394,728
3,RandomForest,new_files,0.30434782608695654,0.7276785714285714,0.0,0.0,0.4375,1.0,0.0,36,28,64
3,RandomForest,changed_label,0.0,nan,nan,nan,nan,nan,nan,34,0,34
4,RandomForest,baseline,0.7862794031752774,0.9181227907443154,0.9037656903765691,0.6118980169971672,0.7579505300353356,0.9491150442477876,0.6092876516791751,353,452,805
4,RandomForest,new_files,0.4551282051282051,0.7690185258178951,0.8,0.09302325581395349,0.5979381443298969,0.9830508474576272,0.17399076839721617,43,59,102
4,RandomForest,changed_label,0.2604166666666667,0.12991452991452992,0.0,0.0,0.49019607843137253,0.5555555555555556,-0.47600369819694444,26,45,71
5,RandomForest,baseline,0.8352974481868696,0.9169224294224294,0.8286713286713286,0.7596153846153846,0.8560460652591171,0.901010101010101,0.6725635738586485,312,495,807
5,RandomForest,new_files,0.6833333333333333,0.8012820512820513,1.0,0.3333333333333333,0.7647058823529411,1.0,0.5048781642974013,6,13,19
5,RandomForest,changed_label,0.17333333333333334,0.037735849056603765,0.0,0.0,0.5909090909090909,0.24528301886792453,-0.5556508399324771,9,53,62
6,RandomForest,baseline,0.8558811487395449,0.9221097784441112,0.8380281690140845,0.8206896551724138,0.8761904761904762,0.8888888888888888,0.7118948141443989,290,414,704
6,RandomForest,new_files,0.5566502463054187,0.6716269841269842,0.3333333333333333,0.25,0.8,0.8571428571428571,0.11952286093343938,12,42,54
6,RandomForest,changed_label,0.14583333333333334,0.03781512605042017,0.0,0.0,0.5,0.20588235294117646,-0.6301260378126043,7,34,41
7,RandomForest,baseline,0.8413055555555555,0.9186442540101076,0.8214285714285714,0.777027027027027,0.8700787401574803,0.8983739837398373,0.683406714334807,296,492,788
7,RandomForest,new_files,0.6471755246945807,0.891120507399577,0.8333333333333334,0.3488372093023256,0.6923076923076923,0.9545454545454546,0.3993374194671139,43,66,109
7,RandomForest,changed_label,0.20454545454545456,0.10628019323671498,0.02857142857142857,0.1111111111111111,0.6,0.2608695652173913,-0.4829744508986391,9,46,55
8,RandomForest,baseline,0.8548744033954848,0.9330201980457735,0.863013698630137,0.8076923076923077,0.8540145985401459,0.8976982097186701,0.7111856027362043,312,391,703
8,RandomForest,new_files,0.6636363636363636,0.8015350877192983,0.8181818181818182,0.47368421052631576,0.6153846153846154,0.8888888888888888,0.3964839537996188,38,36,74
8,RandomForest,changed_label,0.22857142857142856,0.12937062937062938,0.18181818181818182,0.3076923076923077,0.3076923076923077,0.18181818181818182,-0.5104895104895105,13,22,35
9,RandomForest,baseline,0.9016887490769813,0.9567876670354247,0.9177631578947368,0.8637770897832817,0.8921568627450981,0.9357326478149101,0.8046980447206743,323,389,712
9,RandomForest,new_files,0.7507692307692309,0.9266666666666666,0.8,0.5333333333333333,0.8,0.9333333333333333,0.529150262212918,15,30,45
9,RandomForest,changed_label,0.21836228287841192,0.11348684210526316,0.2608695652173913,0.375,0.16666666666666666,0.10526315789473684,-0.5454635744577812,16,19,35
10,RandomForest,baseline,0.8759963111784468,0.9500994449710431,0.8458149779735683,0.8384279475982532,0.9076154806491885,0.9121706398996235,0.7520131900572747,458,797,1255
10,RandomForest,new_files,0.8008534850640114,0.8,0.6363636363636364,0.875,0.9411764705882353,0.8,0.6243713415848884,8,20,28
10,RandomForest,changed_label,0.5595238095238095,0.6046277665995976,0.4823529411764706,0.5774647887323944,0.6428571428571429,0.5510204081632653,0.126837069898279,71,98,169
11,RandomForest,baseline,0.8989087663786459,0.9542100075753257,0.8704318936877077,0.89419795221843,0.9245742092457421,0.9069212410501193,0.7980567948621317,293,419,712
11,RandomForest,new_files,0.36507936507936506,0.39999999999999997,0.25,0.3333333333333333,0.5,0.4,-0.2581988897471611,3,5,8
11,RandomForest,changed_label,0.09286412512218964,0.028846153846153848,0.04,0.16666666666666666,0.2857142857142857,0.07692307692307693,-0.7141684885491869,6,26,32
12,RandomForest,baseline,0.8454056842917661,0.9272789788111917,0.7934782608695652,0.8264150943396227,0.8925233644859814,0.8701594533029613,0.6912678727267145,265,439,704
12,RandomForest,new_files,0.5666666666666667,0.6818181818181819,0.25,0.5,0.8888888888888888,0.7272727272727273,0.17766726362967536,2,11,13
12,RandomForest,changed_label,0.2700534759358289,0.27647058823529413,0.10344827586206896,0.6,0.8,0.23529411764705882,-0.1261056577510926,5,34,39
13,RandomForest,baseline,0.8877802223680739,0.9595555555555556,0.8582677165354331,0.8549019607843137,0.917960088691796,0.92,0.7755645996858573,255,450,705
13,RandomForest,new_files,1.0,1.0,1.0,1.0,1.0,1.0,1.0,2,3,5
13,RandomForest,changed_label,0.0625,0.047619047619047644,0.0,0.0,0.18181818181818182,0.09523809523809523,-0.8603834844182797,9,21,30
14,RandomForest,baseline,0.8833154069293699,0.9547944018371681,0.8512396694214877,0.8408163265306122,0.9177215189873418,0.9235668789808917,0.7666687799238185,245,471,716
14,RandomForest,new_files,0.47619047619047616,0.6,1.0,0.16666666666666666,0.5,1.0,0.28867513459481287,6,5,11
14,RandomForest,changed_label,0.06666666666666667,0.007575757575757569,0.0,0.0,0.25,0.09090909090909091,-0.8257228238447705,6,22,28
15,RandomForest,baseline,0.8660943288686236,0.9519744897509756,0.8370044052863436,0.8016877637130801,0.9038854805725971,0.9227557411273486,0.7326205468129298,237,479,716
15,RandomForest,new_files,0.4857142857142857,1.0,1.0,0.4,0.25,1.0,0.31622776601683794,5,1,6
15,RandomForest,changed_label,0.13381123058542413,0.047619047619047616,0.05263157894736842,0.125,0.3,0.14285714285714285,-0.6884520066159542,8,21,29
16,RandomForest,baseline,0.9059136281894238,0.9625422742824464,0.8148148148148148,0.9214659685863874,0.9703557312252964,0.9246704331450094,0.8150836647681364,191,531,722
16,RandomForest,new_files,0.7948717948717949,1.0,0.5,1.0,1.0,0.8571428571428571,0.6546536707079772,1,7,8
16,RandomForest,changed_label,0.36647073856376183,0.21842105263157896,0.09090909090909091,0.3,0.7941176470588235,0.47368421052631576,-0.16130798047572292,10,57,67
17,RandomForest,baseline,0.8950496851086198,0.9575694684653523,0.8020304568527918,0.8926553672316384,0.9633911368015414,0.9276437847866419,0.7923854391715753,177,539,716
17,RandomForest,new_files,0.45454545454545453,0.8,0.0,0.0,0.8333333333333334,1.0,0.0,1,5,6
17,RandomForest,changed_label,0.05714285714285714,0.0,0.0,0.0,0.18181818181818182,0.08333333333333333,-0.8660254037844386,9,24,33
18,RandomForest,baseline,0.8779227777211032,0.9516497912780886,0.7539267015706806,0.8888888888888888,0.9658444022770398,0.9154676258992805,0.7608893326471242,162,556,718
18,RandomForest,new_files,0.4444444444444444,1.0,0.0,0.0,0.8,1.0,0.0,1,4,5
18,RandomForest,changed_label,0.13501144164759726,0.04244031830238727,0.04,0.07692307692307693,0.29411764705882354,0.1724137931034483,-0.7070030631142453,13,29,42
19,RandomForest,baseline,0.896851324893045,0.9602367494440326,0.806060606060606,0.875,0.9657657657657658,0.9436619718309859,0.7948993014656216,152,568,720
19,RandomForest,new_files,0.3333333333333333,0.0,0.0,0.0,0.5,1.0,0.0,1,1,2
19,RandomForest,changed_label,0.24347826086956523,0.15000000000000002,0.07142857142857142,0.1111111111111111,0.4666666666666667,0.35,-0.49891416487743045,9,20,29
20,RandomForest,baseline,0.8694199635980457,0.9608838246350886,0.7197452229299363,0.875968992248062,0.9719298245614035,0.9264214046822743,0.7449788023181501,129,598,727
20,RandomForest,new_files,0.5636363636363637,1.0,1.0,0.25,0.5714285714285714,1.0,0.3779644730092272,4,4,8
20,RandomForest,changed_label,0.11363636363636363,0.050505050505050456,0.0,0.0,0.45454545454545453,0.15151515151515152,-0.6803013430498076,6,33,39
21,RandomForest,baseline,0.8524590163934426,0.967339126676648,0.6524822695035462,0.8932038834951457,0.9813874788494078,0.9220985691573926,0.718884942459091,103,629,732
21,RandomForest,new_files,0.4117647058823529,1.0,0.0,0.0,0.7,1.0,0.0,3,7,10
21,RandomForest,changed_label,0.14634146341463414,0.078125,0.0,0.0,0.6666666666666666,0.1875,-0.5204164998665333,3,32,35
22,RandomForest,baseline,0.8269553912722898,0.9654473886328725,0.576,0.9,0.9867986798679867,0.9185867895545314,0.6787485281889485,80,651,731
22,RandomForest,new_files,0.3333333333333333,1.0,0.0,0.0,0.5,1.0,0.0,1,1,2
22,RandomForest,changed_label,0.11764705882352941,0.012345679012345696,0.0,0.0,0.5714285714285714,0.14814814814814814,-0.6042179781166439,3,27,30
23,RandomForest,baseline,0.6708955223880597,0.9506935625671584,0.25742574257425743,0.896551724137931,0.9952681388012619,0.8937677053824362,0.4468879995837746,29,706,735
23,RandomForest,new_files,0.7619047619047619,0.8333333333333334,1.0,0.5,0.75,1.0,0.6123724356957946,2,3,5
23,RandomForest,changed_label,0.08620689655172414,nan,nan,nan,nan,nan,nan,0,53,53
