pair,leakage_method,classifier,subset,f1_macro,auc,precision_buggy,recall_buggy,precision_clean,recall_clean,mcc,support_buggy,support_clean,total
1,embedding_0.99,RandomForest,baseline,0.5380874145934387,0.8749659609231397,1.0,0.12162162162162163,0.7533206831119544,1.0,0.3026880953740726,148,397,545
1,embedding_0.99,RandomForest,cleaned,0.5068493150684932,0.8764328854924195,1.0,0.09774436090225563,0.7176470588235294,1.0,0.2648508129458721,133,305,438
1,embedding_0.99,RandomForest,leaked-only,0.7242268041237113,0.8793478260869565,1.0,0.3333333333333333,0.9019607843137255,1.0,0.5483188805533162,15,92,107
1,embedding_0.99,LogisticRegression,baseline,0.8085931510034081,0.7992205051399005,0.9325842696629213,0.5608108108108109,0.8574561403508771,0.9848866498740554,0.6565996082720127,148,397,545
1,embedding_0.99,LogisticRegression,cleaned,0.8095117845117845,0.8043633674349809,0.927710843373494,0.5789473684210527,0.8422535211267606,0.980327868852459,0.656217953616044,133,305,438
1,embedding_0.99,LogisticRegression,leaked-only,0.7623982235381199,0.7202898550724639,1.0,0.4,0.9108910891089109,1.0,0.6036194460449102,15,92,107
2,embedding_0.99,RandomForest,baseline,0.6814739688979039,0.830527154182411,1.0,0.36363636363636365,0.708838821490468,1.0,0.5077002771823935,264,409,673
2,embedding_0.99,RandomForest,cleaned,0.639552190513169,0.8215042653526201,1.0,0.3133047210300429,0.6694214876033058,1.0,0.45796606034188825,233,324,557
2,embedding_0.99,RandomForest,leaked-only,0.9034540158135664,0.9398481973434536,1.0,0.7419354838709677,0.9139784946236559,1.0,0.8234762149912169,31,85,116
2,embedding_0.99,LogisticRegression,baseline,0.8030406746031746,0.8332129362080463,0.8924731182795699,0.6287878787878788,0.7987679671457906,0.9511002444987775,0.6331212330714739,264,409,673
2,embedding_0.99,LogisticRegression,cleaned,0.7845094398019189,0.8185238170932018,0.8773006134969326,0.6137339055793991,0.7715736040609137,0.9382716049382716,0.59848320254187,233,324,557
2,embedding_0.99,LogisticRegression,leaked-only,0.9034540158135664,0.8819734345351044,1.0,0.7419354838709677,0.9139784946236559,1.0,0.8234762149912169,31,85,116
3,embedding_0.99,RandomForest,baseline,0.847574802278635,0.9125391349281133,0.975,0.7005988023952096,0.7950819672131147,0.9847715736040609,0.7264925102291904,334,394,728
3,embedding_0.99,RandomForest,cleaned,0.8227184637068358,0.903478672066348,0.9680851063829787,0.6642335766423357,0.7622739018087855,0.9800664451827242,0.685981286128188,274,301,575
3,embedding_0.99,RandomForest,leaked-only,0.9436671575846833,0.9648745519713261,1.0,0.8666666666666667,0.9207920792079208,1.0,0.8933195408028406,60,93,153
3,embedding_0.99,LogisticRegression,baseline,0.8286463960487729,0.8726785008662876,0.8706293706293706,0.7455089820359282,0.8076923076923077,0.9060913705583756,0.6648267780157215,334,394,728
3,embedding_0.99,LogisticRegression,cleaned,0.8094297007340485,0.8517350922715039,0.8577586206896551,0.7262773722627737,0.7813411078717201,0.8903654485049833,0.6277708653418016,274,301,575
3,embedding_0.99,LogisticRegression,leaked-only,0.9021381578947368,0.9417562724014337,0.9259259259259259,0.8333333333333334,0.898989898989899,0.956989247311828,0.8074339623538922,60,93,153
4,embedding_0.99,RandomForest,baseline,0.8556403609226936,0.919852590939858,0.8504398826979472,0.8215297450424929,0.8642241379310345,0.8871681415929203,0.7116747017241281,353,452,805
4,embedding_0.99,RandomForest,cleaned,0.8420204954184385,0.9134215413184772,0.8384879725085911,0.8133333333333334,0.8478260869565217,0.8690807799442897,0.6843613083159004,300,359,659
4,embedding_0.99,RandomForest,leaked-only,0.9175014126470438,0.9417731791438425,0.92,0.8679245283018868,0.9270833333333334,0.956989247311828,0.8359250628850956,53,93,146
4,embedding_0.99,LogisticRegression,baseline,0.8081602448324303,0.8475143523277094,0.7863247863247863,0.7818696883852692,0.8303964757709251,0.834070796460177,0.6163307498330162,353,452,805
4,embedding_0.99,LogisticRegression,cleaned,0.7874277413051701,0.8298792943361188,0.7674418604651163,0.77,0.8072625698324022,0.8050139275766016,0.5748591581083574,300,359,659
4,embedding_0.99,LogisticRegression,leaked-only,0.9025016694919608,0.9125583282613106,0.9,0.8490566037735849,0.9166666666666666,0.946236559139785,0.8059090621026991,53,93,146
5,embedding_0.99,RandomForest,baseline,0.8462132272192866,0.9177641802641803,0.8069620253164557,0.8173076923076923,0.8839103869653768,0.8767676767676768,0.6924720388134841,312,495,807
5,embedding_0.99,RandomForest,cleaned,0.8301616313658029,0.9068603734365481,0.8028169014084507,0.8028169014084507,0.8575063613231552,0.8575063613231552,0.6603232627316059,284,393,677
5,embedding_0.99,RandomForest,leaked-only,0.935,0.9702380952380952,0.84375,0.9642857142857143,0.9897959183673469,0.9509803921568627,0.8734508155844746,28,102,130
5,embedding_0.99,LogisticRegression,baseline,0.8518166649368898,0.8895590520590521,0.7922848664688428,0.8557692307692307,0.9042553191489362,0.8585858585858586,0.7053913995339034,312,495,807
5,embedding_0.99,LogisticRegression,cleaned,0.8376671817552086,0.8735754219976346,0.7894736842105263,0.8450704225352113,0.8820375335120644,0.8371501272264631,0.676844703108355,284,393,677
5,embedding_0.99,LogisticRegression,leaked-only,0.9250350111211796,0.9600840336134454,0.8181818181818182,0.9642857142857143,0.9896907216494846,0.9411764705882353,0.8552765839278649,28,102,130
6,embedding_0.99,RandomForest,baseline,0.8801349490787939,0.9312593703148425,0.8827838827838828,0.8310344827586207,0.8863109048723898,0.9227053140096618,0.7613785845054905,290,414,704
6,embedding_0.99,RandomForest,cleaned,0.8617294802768927,0.9199211707511159,0.8739130434782608,0.8072289156626506,0.8596491228070176,0.9102167182662538,0.7254591466215049,249,323,572
6,embedding_0.99,RandomForest,leaked-only,0.965079365079365,0.9778879656928438,0.9302325581395349,0.975609756097561,0.9887640449438202,0.967032967032967,0.9307445731661286,41,91,132
6,embedding_0.99,LogisticRegression,baseline,0.834456247252354,0.8980676328502416,0.7627627627627628,0.8758620689655172,0.9029649595687331,0.8091787439613527,0.6753152301658253,290,414,704
6,embedding_0.99,LogisticRegression,cleaned,0.8105193418970149,0.8780011687617343,0.7439446366782007,0.8634538152610441,0.8798586572438163,0.7708978328173375,0.6290553612967261,249,323,572
6,embedding_0.99,LogisticRegression,leaked-only,0.9392704567860664,0.973197534173144,0.8863636363636364,0.9512195121951219,0.9772727272727273,0.945054945054945,0.8798040765304531,41,91,132
7,embedding_0.99,RandomForest,baseline,0.8602516221911578,0.9288480553724456,0.8489208633093526,0.7972972972972973,0.8823529411764706,0.9146341463414634,0.7215378128156561,296,492,788
7,embedding_0.99,RandomForest,cleaned,0.8463837823554083,0.919086899238128,0.8376068376068376,0.7747035573122529,0.8683602771362586,0.9082125603864735,0.6943459665205283,253,414,667
7,embedding_0.99,RandomForest,leaked-only,0.9371894697812384,0.9652653548002386,0.9090909090909091,0.9302325581395349,0.961038961038961,0.9487179487179487,0.8745290677744713,43,78,121
7,embedding_0.99,LogisticRegression,baseline,0.8035060707740969,0.8596324983520106,0.7168141592920354,0.8209459459459459,0.8819599109131403,0.8048780487804879,0.6121496390217095,296,492,788
7,embedding_0.99,LogisticRegression,cleaned,0.7817757822560998,0.842661014683699,0.6891891891891891,0.8063241106719368,0.8679245283018868,0.7777777777777778,0.5704482224249439,253,414,667
7,embedding_0.99,LogisticRegression,leaked-only,0.9278473464519976,0.9409660107334525,0.9069767441860465,0.9069767441860465,0.9487179487179487,0.9487179487179487,0.8556946929039952,43,78,121
8,embedding_0.99,RandomForest,baseline,0.864717202141901,0.9347088333661223,0.9166666666666666,0.7756410256410257,0.8405466970387244,0.9437340153452686,0.73805175601101,312,391,703
8,embedding_0.99,RandomForest,cleaned,0.8536839485781322,0.927800269905533,0.9043478260869565,0.7619047619047619,0.8311688311688312,0.935672514619883,0.7162958233907294,273,342,615
8,embedding_0.99,RandomForest,leaked-only,0.9414815799973401,0.9649398220826791,1.0,0.8717948717948718,0.9074074074074074,1.0,0.8894229165062354,39,49,88
8,embedding_0.99,LogisticRegression,baseline,0.8157122962234784,0.8573840907600498,0.7929936305732485,0.7980769230769231,0.8380462724935732,0.8337595907928389,0.6314380828445915,312,391,703
8,embedding_0.99,LogisticRegression,cleaned,0.8010980169941384,0.8495597969282178,0.7733812949640287,0.7875457875457875,0.827893175074184,0.8157894736842105,0.602303984256649,273,342,615
8,embedding_0.99,LogisticRegression,leaked-only,0.9186798679867987,0.9120879120879122,0.9444444444444444,0.8717948717948718,0.9038461538461539,0.9591836734693877,0.8395899518984667,39,49,88
9,embedding_0.99,RandomForest,baseline,0.9074501804801471,0.9554545671603778,0.9215686274509803,0.8730650154798761,0.8990147783251231,0.9383033419023136,0.8159628729541805,323,389,712
9,embedding_0.99,RandomForest,cleaned,0.8953606237816765,0.9493973829201102,0.9076305220883534,0.8560606060606061,0.8898550724637682,0.9303030303030303,0.791905090323091,264,330,594
9,embedding_0.99,RandomForest,leaked-only,0.9660919540229885,0.9803217466245332,0.9824561403508771,0.9491525423728814,0.9508196721311475,0.9830508474576272,0.9327394470282498,59,59,118
9,embedding_0.99,LogisticRegression,baseline,0.8668332709893591,0.897864652558358,0.8544891640866873,0.8544891640866873,0.8791773778920309,0.8791773778920309,0.7336665419787182,323,389,712
9,embedding_0.99,LogisticRegression,cleaned,0.8467052818718817,0.8819214876033058,0.8270676691729323,0.8333333333333334,0.8658536585365854,0.8606060606060606,0.6934301739890059,264,330,594
9,embedding_0.99,LogisticRegression,leaked-only,0.9660919540229885,0.9767308244757253,0.9824561403508771,0.9491525423728814,0.9508196721311475,0.9830508474576272,0.9327394470282498,59,59,118
10,embedding_0.99,RandomForest,baseline,0.8984036003135965,0.9461088709677419,0.8842443729903537,0.8870967741935484,0.9122807017543859,0.91,0.7968108731959592,310,400,710
10,embedding_0.99,RandomForest,cleaned,0.8901443816698054,0.945302782324059,0.869198312236287,0.8765957446808511,0.9102167182662538,0.9046153846153846,0.7803125631241303,235,325,560
10,embedding_0.99,RandomForest,leaked-only,0.926663407262545,0.9416,0.9324324324324325,0.92,0.9210526315789473,0.9333333333333333,0.853409195300264,75,75,150
10,embedding_0.99,LogisticRegression,baseline,0.8697848961765815,0.9111935483870969,0.8520900321543409,0.8548387096774194,0.8872180451127819,0.885,0.7395733458822066,310,400,710
10,embedding_0.99,LogisticRegression,cleaned,0.8516090408565848,0.908975450081833,0.826271186440678,0.8297872340425532,0.8765432098765432,0.8738461538461538,0.7032237728757772,235,325,560
10,embedding_0.99,LogisticRegression,leaked-only,0.9333333333333333,0.9052444444444444,0.9333333333333333,0.9333333333333333,0.9333333333333333,0.9333333333333333,0.8666666666666667,75,75,150
11,embedding_0.99,RandomForest,baseline,0.8993639575971731,0.9564988962832031,0.8971631205673759,0.863481228668942,0.9069767441860465,0.9307875894988067,0.7991891015393503,293,419,712
11,embedding_0.99,RandomForest,cleaned,0.8785491492501074,0.9502997814401324,0.8775510204081632,0.8229665071770335,0.8902077151335311,0.9259259259259259,0.7582669104582311,209,324,533
11,embedding_0.99,RandomForest,leaked-only,0.9551939924906132,0.9562030075187969,0.9418604651162791,0.9642857142857143,0.967741935483871,0.9473684210526315,0.9106276901241327,84,95,179
11,embedding_0.99,LogisticRegression,baseline,0.8803043836676328,0.9300544934713726,0.8453947368421053,0.8771331058020477,0.9117647058823529,0.8878281622911695,0.7610503580284653,293,419,712
11,embedding_0.99,LogisticRegression,cleaned,0.8613062711423367,0.923725559690472,0.8165137614678899,0.8516746411483254,0.9015873015873016,0.8765432098765432,0.7231417654628484,209,324,533
11,embedding_0.99,LogisticRegression,leaked-only,0.9327909887359199,0.9441102756892231,0.9186046511627907,0.9404761904761905,0.946236559139785,0.9263157894736842,0.8658160457166496,84,95,179
12,embedding_0.99,RandomForest,baseline,0.8788678711054483,0.9330596982851248,0.875,0.8188679245283019,0.8947368421052632,0.929384965831435,0.758918847388599,265,439,704
12,embedding_0.99,RandomForest,cleaned,0.8732447835959343,0.9285357721433147,0.869198312236287,0.8110236220472441,0.8896551724137931,0.9258373205741627,0.747776366309338,254,418,672
12,embedding_0.99,RandomForest,leaked-only,1.0,1.0,1.0,1.0,1.0,1.0,1.0,11,21,32
12,embedding_0.99,LogisticRegression,baseline,0.8355441350093756,0.9059182533201531,0.7601351351351351,0.8490566037735849,0.9019607843137255,0.8382687927107062,0.6745927218298604,265,439,704
12,embedding_0.99,LogisticRegression,cleaned,0.8280874405098008,0.9015653844704818,0.7508771929824561,0.84251968503937,0.896640826873385,0.8301435406698564,0.6599708781007546,254,418,672
12,embedding_0.99,LogisticRegression,leaked-only,1.0,1.0,1.0,1.0,1.0,1.0,1.0,11,21,32
13,embedding_0.99,RandomForest,baseline,0.9111110619557115,0.9623485838779957,0.9159663865546218,0.8549019607843137,0.9207708779443254,0.9555555555555556,0.8234925653670669,255,450,705
13,embedding_0.99,RandomForest,cleaned,0.8927279237176347,0.9595250302120335,0.9054054054054054,0.8072289156626506,0.9077809798270894,0.9574468085106383,0.7885581069366524,166,329,495
13,embedding_0.99,RandomForest,leaked-only,0.9464521662532743,0.9620670442938062,0.9333333333333333,0.9438202247191011,0.9583333333333334,0.9504132231404959,0.8929491349874343,89,121,210
13,embedding_0.99,LogisticRegression,baseline,0.8984937927240454,0.9392244008714599,0.8455882352941176,0.9019607843137255,0.9422632794457275,0.9066666666666666,0.7981718875750523,255,450,705
13,embedding_0.99,LogisticRegression,cleaned,0.877981005821953,0.9354377998315451,0.8066298342541437,0.8795180722891566,0.9363057324840764,0.8936170212765957,0.7578849245785795,166,329,495
13,embedding_0.99,LogisticRegression,leaked-only,0.9416666666666667,0.9392701272170118,0.9230769230769231,0.9438202247191011,0.957983193277311,0.9421487603305785,0.8835111414431136,89,121,210
14,embedding_0.99,RandomForest,baseline,0.9120724893204565,0.9583820789462282,0.9055793991416309,0.8612244897959184,0.9296066252587992,0.9532908704883227,0.8247859392405276,245,471,716
14,embedding_0.99,RandomForest,cleaned,0.8781757632763048,0.946989735491512,0.8731343283582089,0.785234899328859,0.9098591549295775,0.95,0.7587385154717324,149,340,489
14,embedding_0.99,RandomForest,leaked-only,0.9685377685377685,0.9653307888040712,0.9494949494949495,0.9791666666666666,0.984375,0.9618320610687023,0.9374275621854954,96,131,227
14,embedding_0.99,LogisticRegression,baseline,0.8846757033985233,0.9441830235278825,0.8141263940520446,0.8938775510204081,0.941834451901566,0.8938428874734607,0.7716772700156291,245,471,716
14,embedding_0.99,LogisticRegression,cleaned,0.8420782674772036,0.9203118831425189,0.7368421052631579,0.8456375838926175,0.9276729559748428,0.8676470588235294,0.6884681459839996,149,340,489
14,embedding_0.99,LogisticRegression,leaked-only,0.9639968279143537,0.9768606870229007,0.9489795918367347,0.96875,0.9767441860465116,0.9618320610687023,0.928149740722313,96,131,227
15,embedding_0.99,RandomForest,baseline,0.9020680599627968,0.9708561260713688,0.927536231884058,0.810126582278481,0.9115913555992141,0.9686847599164927,0.8084071268121511,237,479,716
15,embedding_0.99,RandomForest,cleaned,0.8697686432668205,0.9679403011204482,0.9158878504672897,0.7205882352941176,0.8958904109589041,0.9732142857142857,0.7504757186460546,136,336,472
15,embedding_0.99,RandomForest,leaked-only,0.9450136079185951,0.9659350550439659,0.94,0.9306930693069307,0.9513888888888888,0.958041958041958,0.8900609690044622,101,143,244
15,embedding_0.99,LogisticRegression,baseline,0.8949267543140285,0.9401398835478274,0.8287937743190662,0.8987341772151899,0.9477124183006536,0.9081419624217119,0.7915455256049067,237,479,716
15,embedding_0.99,LogisticRegression,cleaned,0.8650914634146342,0.9319634103641457,0.7697368421052632,0.8602941176470589,0.940625,0.8958333333333334,0.7328875008790834,136,336,472
15,embedding_0.99,LogisticRegression,leaked-only,0.9411967224402672,0.9552032126289552,0.9142857142857143,0.9504950495049505,0.9640287769784173,0.9370629370629371,0.882924142517233,101,143,244
16,embedding_0.99,RandomForest,baseline,0.8848150833937636,0.9503258693958845,0.8078817733990148,0.8586387434554974,0.9479768786127167,0.9265536723163842,0.770385929878765,191,531,722
16,embedding_0.99,RandomForest,cleaned,0.8470659775007601,0.9300572309046886,0.7364341085271318,0.8050847457627118,0.9385026737967914,0.9116883116883117,0.695540438114474,118,385,503
16,embedding_0.99,RandomForest,leaked-only,0.9539238375762676,0.977950835053481,0.9324324324324325,0.9452054794520548,0.9724137931034482,0.9657534246575342,0.907897420418113,73,146,219
16,embedding_0.99,LogisticRegression,baseline,0.8470182153719968,0.9280129361769259,0.7008196721311475,0.8952879581151832,0.9581589958158996,0.8625235404896422,0.7066693794877229,191,531,722
16,embedding_0.99,LogisticRegression,cleaned,0.8005358248220364,0.9101915034118423,0.6058823529411764,0.8728813559322034,0.954954954954955,0.825974025974026,0.6260544473103058,118,385,503
16,embedding_0.99,LogisticRegression,leaked-only,0.9436846903709938,0.9556201914055169,0.918918918918919,0.9315068493150684,0.9655172413793104,0.958904109589041,0.8874185312357497,73,146,219
17,embedding_0.99,RandomForest,baseline,0.9005215458276333,0.962218169239961,0.874251497005988,0.8248587570621468,0.9435336976320583,0.961038961038961,0.8016829288209342,177,539,716
17,embedding_0.99,RandomForest,cleaned,0.8695866141732282,0.9579738562091502,0.8444444444444444,0.7450980392156863,0.9328165374677002,0.9626666666666667,0.7416993260458566,102,375,477
17,embedding_0.99,RandomForest,leaked-only,0.9421214078140135,0.9657317073170731,0.9090909090909091,0.9333333333333333,0.9691358024691358,0.9573170731707317,0.88441674433136,75,164,239
17,embedding_0.99,LogisticRegression,baseline,0.9195406995750246,0.9487227864951836,0.8481675392670157,0.9152542372881356,0.9714285714285714,0.9461966604823747,0.8402629382329867,177,539,716
17,embedding_0.99,LogisticRegression,cleaned,0.9069326871636718,0.9466666666666668,0.8141592920353983,0.9019607843137255,0.9725274725274725,0.944,0.815785604407698,102,375,477
17,embedding_0.99,LogisticRegression,leaked-only,0.937516339869281,0.9506504065040651,0.8974358974358975,0.9333333333333333,0.968944099378882,0.9512195121951219,0.8754192661184965,75,164,239
18,embedding_0.99,RandomForest,baseline,0.9017246099096633,0.943817168487432,0.88,0.8148148148148148,0.9471830985915493,0.9676258992805755,0.8045009225287497,162,556,718
18,embedding_0.99,RandomForest,cleaned,0.8742133636083397,0.9348610046284465,0.8589743589743589,0.7362637362637363,0.94,0.9715762273901809,0.7520279125250751,91,387,478
18,embedding_0.99,RandomForest,leaked-only,0.9352576207175614,0.9454537878156514,0.9027777777777778,0.9154929577464789,0.9642857142857143,0.9585798816568047,0.8705611112672464,71,169,240
18,embedding_0.99,LogisticRegression,baseline,0.8942406834585359,0.9417577049471534,0.7988826815642458,0.8827160493827161,0.9647495361781077,0.935251798561151,0.7903332219812826,162,556,718
18,embedding_0.99,LogisticRegression,cleaned,0.8716433941997852,0.9454808757134339,0.7428571428571429,0.8571428571428571,0.9651474530831099,0.9302325581395349,0.7466360644586482,91,387,478
18,embedding_0.99,LogisticRegression,leaked-only,0.925887802367473,0.9335777981498459,0.8783783783783784,0.9154929577464789,0.963855421686747,0.9467455621301775,0.8521774610714868,71,169,240
19,embedding_0.99,RandomForest,baseline,0.8935960591133005,0.9617077464788732,0.90625,0.7631578947368421,0.9391891891891891,0.9788732394366197,0.7920493674189419,152,568,720
19,embedding_0.99,RandomForest,cleaned,0.8396743153219837,0.9513336376679276,0.8793103448275862,0.6219512195121951,0.9221105527638191,0.9812834224598931,0.695301983477324,82,374,456
19,embedding_0.99,RandomForest,leaked-only,0.9513991163475699,0.9782768777614139,0.9285714285714286,0.9285714285714286,0.9742268041237113,0.9742268041237113,0.9027982326951399,70,194,264
19,embedding_0.99,LogisticRegression,baseline,0.9114109860678323,0.9497196997776131,0.8471337579617835,0.875,0.9662522202486679,0.9577464788732394,0.8230093008706637,152,568,720
19,embedding_0.99,LogisticRegression,cleaned,0.8759600614439325,0.9258836572322942,0.7790697674418605,0.8170731707317073,0.9594594594594594,0.9491978609625669,0.7522722596467645,82,374,456
19,embedding_0.99,LogisticRegression,leaked-only,0.9564571994062345,0.975478645066274,0.9295774647887324,0.9428571428571428,0.9792746113989638,0.9742268041237113,0.912958733597503,70,194,264
20,embedding_0.99,RandomForest,baseline,0.870022007027946,0.9662181431645537,0.7890625,0.7829457364341085,0.9532554257095158,0.9548494983277592,0.7400531253003362,129,598,727
20,embedding_0.99,RandomForest,cleaned,0.8246366080823039,0.966665427923743,0.746031746031746,0.6619718309859155,0.937984496124031,0.9577836411609498,0.6510935486651501,71,379,450
20,embedding_0.99,RandomForest,leaked-only,0.9216229981325335,0.9573689182805857,0.8307692307692308,0.9310344827586207,0.9811320754716981,0.9497716894977168,0.8456522227251537,58,219,277
20,embedding_0.99,LogisticRegression,baseline,0.9071124361158432,0.9396567369267066,0.7880794701986755,0.9224806201550387,0.9826388888888888,0.9464882943143813,0.8183705125784857,129,598,727
20,embedding_0.99,LogisticRegression,cleaned,0.8991935483870968,0.9418410197331748,0.7647058823529411,0.9154929577464789,0.9835616438356164,0.9472295514511874,0.8034595433153575,71,379,450
20,embedding_0.99,LogisticRegression,leaked-only,0.9168792198049512,0.9376476145488899,0.8181818181818182,0.9310344827586207,0.981042654028436,0.9452054794520548,0.8368467131603973,58,219,277
21,embedding_0.99,RandomForest,baseline,0.869148112102012,0.9762606695787734,0.8020833333333334,0.7475728155339806,0.9591194968553459,0.9697933227344993,0.738959494648719,103,629,732
21,embedding_0.99,RandomForest,cleaned,0.7907884465261514,0.966721100554236,0.7222222222222222,0.5416666666666666,0.9491916859122402,0.9762470308788599,0.5896901387554415,48,421,469
21,embedding_0.99,RandomForest,leaked-only,0.9276631757114144,0.9854895104895105,0.85,0.9272727272727272,0.9802955665024631,0.9567307692307693,0.8567287691676571,55,208,263
21,embedding_0.99,LogisticRegression,baseline,0.9033562643318741,0.9665519317146959,0.7480916030534351,0.9514563106796117,0.9916805324459235,0.9475357710651828,0.8155055438863432,103,629,732
21,embedding_0.99,LogisticRegression,cleaned,0.8622787146572699,0.9496239113222487,0.6470588235294118,0.9166666666666666,0.9900249376558603,0.9429928741092637,0.7400507641887369,48,421,469
21,embedding_0.99,LogisticRegression,leaked-only,0.9453722166832834,0.9782342657342658,0.8571428571428571,0.9818181818181818,0.995,0.9567307692307693,0.894302960251885,55,208,263
22,embedding_0.99,RandomForest,baseline,0.8373916867127079,0.9723118279569892,0.7761194029850746,0.65,0.9578313253012049,0.9769585253456221,0.6783484843962659,80,651,731
22,embedding_0.99,RandomForest,cleaned,0.7309069212410502,0.9750304136253041,0.6666666666666666,0.4,0.9437939110070258,0.9805352798053528,0.48197695664336054,40,411,451
22,embedding_0.99,RandomForest,leaked-only,0.922204541436185,0.9514583333333333,0.8372093023255814,0.9,0.9831223628691983,0.9708333333333333,0.8452053942329367,40,240,280
22,embedding_0.99,LogisticRegression,baseline,0.8906890201959352,0.9420890937019969,0.7184466019417476,0.925,0.9904458598726115,0.9554531490015361,0.7900294933152203,80,651,731
22,embedding_0.99,LogisticRegression,cleaned,0.8581707485817075,0.9539537712895377,0.6271186440677966,0.925,0.9923469387755102,0.9464720194647201,0.7347427593854509,40,411,451
22,embedding_0.99,LogisticRegression,leaked-only,0.9299719887955182,0.9340624999999999,0.8409090909090909,0.925,0.9872881355932204,0.9708333333333333,0.8613516599362813,40,240,280
23,embedding_0.99,RandomForest,baseline,0.6578530863048133,0.9602911009084694,0.3,0.41379310344827586,0.9755395683453237,0.9603399433427762,0.3210739139458815,29,706,735
23,embedding_0.99,RandomForest,cleaned,0.5757404650685283,0.9643496420047732,0.2857142857142857,0.125,0.9672897196261683,0.9880668257756563,0.16913414732800805,16,419,435
23,embedding_0.99,RandomForest,leaked-only,0.6939256003767069,0.9567140176896274,0.30303030303030304,0.7692307692307693,0.9887640449438202,0.9198606271777003,0.44841161304050486,13,287,300
23,embedding_0.99,LogisticRegression,baseline,0.7201827378038832,0.9200937774738693,0.3291139240506329,0.896551724137931,0.9954268292682927,0.9249291784702549,0.5163371291797363,29,706,735
23,embedding_0.99,LogisticRegression,cleaned,0.7090049847866899,0.8924522673031026,0.3170731707317073,0.8125,0.9923857868020305,0.9331742243436754,0.4803702406739746,16,419,435
23,embedding_0.99,LogisticRegression,leaked-only,0.7321332904746598,0.9600643259179844,0.34210526315789475,1.0,1.0,0.9128919860627178,0.5588426908591712,13,287,300
