version,filepath,label
1.9,django/__init__.py,clean
1.9,django/__main__.py,clean
1.9,django/apps/__init__.py,clean
1.9,django/apps/config.py,clean
1.9,django/apps/registry.py,buggy
1.9,django/bin/django-admin.py,clean
1.9,django/conf/__init__.py,buggy
1.9,django/conf/app_template/__init__.py,clean
1.9,django/conf/app_template/admin.py,clean
1.9,django/conf/app_template/apps.py,clean
1.9,django/conf/app_template/migrations/__init__.py,clean
1.9,django/conf/app_template/models.py,clean
1.9,django/conf/app_template/tests.py,clean
1.9,django/conf/app_template/views.py,clean
1.9,django/conf/global_settings.py,buggy
1.9,django/conf/locale/__init__.py,buggy
1.9,django/conf/locale/ar/__init__.py,clean
1.9,django/conf/locale/ar/formats.py,clean
1.9,django/conf/locale/az/__init__.py,clean
1.9,django/conf/locale/az/formats.py,buggy
1.9,django/conf/locale/bg/__init__.py,clean
1.9,django/conf/locale/bg/formats.py,clean
1.9,django/conf/locale/bn/__init__.py,clean
1.9,django/conf/locale/bn/formats.py,clean
1.9,django/conf/locale/bs/__init__.py,clean
1.9,django/conf/locale/bs/formats.py,clean
1.9,django/conf/locale/ca/__init__.py,clean
1.9,django/conf/locale/ca/formats.py,clean
1.9,django/conf/locale/cs/__init__.py,clean
1.9,django/conf/locale/cs/formats.py,buggy
1.9,django/conf/locale/cy/__init__.py,clean
1.9,django/conf/locale/cy/formats.py,buggy
1.9,django/conf/locale/da/__init__.py,clean
1.9,django/conf/locale/da/formats.py,clean
1.9,django/conf/locale/de/__init__.py,clean
1.9,django/conf/locale/de/formats.py,buggy
1.9,django/conf/locale/de_CH/__init__.py,clean
1.9,django/conf/locale/de_CH/formats.py,buggy
1.9,django/conf/locale/el/__init__.py,clean
1.9,django/conf/locale/el/formats.py,buggy
1.9,django/conf/locale/en/__init__.py,clean
1.9,django/conf/locale/en/formats.py,buggy
1.9,django/conf/locale/en_AU/__init__.py,clean
1.9,django/conf/locale/en_AU/formats.py,buggy
1.9,django/conf/locale/en_GB/__init__.py,clean
1.9,django/conf/locale/en_GB/formats.py,buggy
1.9,django/conf/locale/eo/__init__.py,clean
1.9,django/conf/locale/eo/formats.py,buggy
1.9,django/conf/locale/es/__init__.py,clean
1.9,django/conf/locale/es/formats.py,clean
1.9,django/conf/locale/es_AR/__init__.py,clean
1.9,django/conf/locale/es_AR/formats.py,clean
1.9,django/conf/locale/es_CO/__init__.py,clean
1.9,django/conf/locale/es_CO/formats.py,clean
1.9,django/conf/locale/es_MX/__init__.py,clean
1.9,django/conf/locale/es_MX/formats.py,clean
1.9,django/conf/locale/es_NI/__init__.py,clean
1.9,django/conf/locale/es_NI/formats.py,clean
1.9,django/conf/locale/es_PR/__init__.py,clean
1.9,django/conf/locale/es_PR/formats.py,clean
1.9,django/conf/locale/et/__init__.py,clean
1.9,django/conf/locale/et/formats.py,buggy
1.9,django/conf/locale/eu/__init__.py,clean
1.9,django/conf/locale/eu/formats.py,buggy
1.9,django/conf/locale/fa/__init__.py,clean
1.9,django/conf/locale/fa/formats.py,clean
1.9,django/conf/locale/fi/__init__.py,clean
1.9,django/conf/locale/fi/formats.py,buggy
1.9,django/conf/locale/fr/__init__.py,clean
1.9,django/conf/locale/fr/formats.py,buggy
1.9,django/conf/locale/fy/__init__.py,clean
1.9,django/conf/locale/fy/formats.py,clean
1.9,django/conf/locale/ga/__init__.py,clean
1.9,django/conf/locale/ga/formats.py,clean
1.9,django/conf/locale/gd/__init__.py,clean
1.9,django/conf/locale/gd/formats.py,clean
1.9,django/conf/locale/gl/__init__.py,clean
1.9,django/conf/locale/gl/formats.py,clean
1.9,django/conf/locale/he/__init__.py,clean
1.9,django/conf/locale/he/formats.py,clean
1.9,django/conf/locale/hi/__init__.py,clean
1.9,django/conf/locale/hi/formats.py,clean
1.9,django/conf/locale/hr/__init__.py,clean
1.9,django/conf/locale/hr/formats.py,buggy
1.9,django/conf/locale/hu/__init__.py,clean
1.9,django/conf/locale/hu/formats.py,buggy
1.9,django/conf/locale/id/__init__.py,clean
1.9,django/conf/locale/id/formats.py,buggy
1.9,django/conf/locale/is/__init__.py,clean
1.9,django/conf/locale/is/formats.py,clean
1.9,django/conf/locale/it/__init__.py,clean
1.9,django/conf/locale/it/formats.py,buggy
1.9,django/conf/locale/ja/__init__.py,clean
1.9,django/conf/locale/ja/formats.py,clean
1.9,django/conf/locale/ka/__init__.py,clean
1.9,django/conf/locale/ka/formats.py,buggy
1.9,django/conf/locale/km/__init__.py,clean
1.9,django/conf/locale/km/formats.py,clean
1.9,django/conf/locale/kn/__init__.py,clean
1.9,django/conf/locale/kn/formats.py,clean
1.9,django/conf/locale/ko/__init__.py,clean
1.9,django/conf/locale/ko/formats.py,buggy
1.9,django/conf/locale/lt/__init__.py,clean
1.9,django/conf/locale/lt/formats.py,buggy
1.9,django/conf/locale/lv/__init__.py,clean
1.9,django/conf/locale/lv/formats.py,buggy
1.9,django/conf/locale/mk/__init__.py,clean
1.9,django/conf/locale/mk/formats.py,buggy
1.9,django/conf/locale/ml/__init__.py,clean
1.9,django/conf/locale/ml/formats.py,buggy
1.9,django/conf/locale/mn/__init__.py,clean
1.9,django/conf/locale/mn/formats.py,clean
1.9,django/conf/locale/nb/__init__.py,clean
1.9,django/conf/locale/nb/formats.py,buggy
1.9,django/conf/locale/nl/__init__.py,clean
1.9,django/conf/locale/nl/formats.py,buggy
1.9,django/conf/locale/nn/__init__.py,clean
1.9,django/conf/locale/nn/formats.py,buggy
1.9,django/conf/locale/pl/__init__.py,clean
1.9,django/conf/locale/pl/formats.py,buggy
1.9,django/conf/locale/pt/__init__.py,clean
1.9,django/conf/locale/pt/formats.py,buggy
1.9,django/conf/locale/pt_BR/__init__.py,clean
1.9,django/conf/locale/pt_BR/formats.py,buggy
1.9,django/conf/locale/ro/__init__.py,clean
1.9,django/conf/locale/ro/formats.py,clean
1.9,django/conf/locale/ru/__init__.py,clean
1.9,django/conf/locale/ru/formats.py,buggy
1.9,django/conf/locale/sk/__init__.py,clean
1.9,django/conf/locale/sk/formats.py,buggy
1.9,django/conf/locale/sl/__init__.py,clean
1.9,django/conf/locale/sl/formats.py,buggy
1.9,django/conf/locale/sq/__init__.py,clean
1.9,django/conf/locale/sq/formats.py,clean
1.9,django/conf/locale/sr/__init__.py,clean
1.9,django/conf/locale/sr/formats.py,buggy
1.9,django/conf/locale/sr_Latn/__init__.py,clean
1.9,django/conf/locale/sr_Latn/formats.py,buggy
1.9,django/conf/locale/sv/__init__.py,clean
1.9,django/conf/locale/sv/formats.py,buggy
1.9,django/conf/locale/ta/__init__.py,clean
1.9,django/conf/locale/ta/formats.py,clean
1.9,django/conf/locale/te/__init__.py,clean
1.9,django/conf/locale/te/formats.py,clean
1.9,django/conf/locale/th/__init__.py,clean
1.9,django/conf/locale/th/formats.py,clean
1.9,django/conf/locale/tr/__init__.py,clean
1.9,django/conf/locale/tr/formats.py,buggy
1.9,django/conf/locale/uk/__init__.py,clean
1.9,django/conf/locale/uk/formats.py,clean
1.9,django/conf/locale/vi/__init__.py,clean
1.9,django/conf/locale/vi/formats.py,clean
1.9,django/conf/locale/zh_Hans/__init__.py,clean
1.9,django/conf/locale/zh_Hans/formats.py,clean
1.9,django/conf/locale/zh_Hant/__init__.py,clean
1.9,django/conf/locale/zh_Hant/formats.py,clean
1.9,django/conf/project_template/manage.py,clean
1.9,django/conf/project_template/project_name/__init__.py,clean
1.9,django/conf/project_template/project_name/settings.py,clean
1.9,django/conf/project_template/project_name/urls.py,buggy
1.9,django/conf/project_template/project_name/wsgi.py,clean
1.9,django/conf/urls/__init__.py,clean
1.9,django/conf/urls/i18n.py,buggy
1.9,django/conf/urls/static.py,clean
1.9,django/contrib/__init__.py,clean
1.9,django/contrib/admin/__init__.py,clean
1.9,django/contrib/admin/actions.py,buggy
1.9,django/contrib/admin/apps.py,clean
1.9,django/contrib/admin/bin/compress.py,clean
1.9,django/contrib/admin/checks.py,buggy
1.9,django/contrib/admin/decorators.py,clean
1.9,django/contrib/admin/exceptions.py,clean
1.9,django/contrib/admin/filters.py,buggy
1.9,django/contrib/admin/forms.py,clean
1.9,django/contrib/admin/helpers.py,buggy
1.9,django/contrib/admin/migrations/0001_initial.py,clean
1.9,django/contrib/admin/migrations/0002_logentry_remove_auto_add.py,clean
1.9,django/contrib/admin/migrations/__init__.py,clean
1.9,django/contrib/admin/models.py,clean
1.9,django/contrib/admin/options.py,buggy
1.9,django/contrib/admin/sites.py,buggy
1.9,django/contrib/admin/templatetags/__init__.py,clean
1.9,django/contrib/admin/templatetags/admin_list.py,buggy
1.9,django/contrib/admin/templatetags/admin_modify.py,buggy
1.9,django/contrib/admin/templatetags/admin_static.py,clean
1.9,django/contrib/admin/templatetags/admin_urls.py,buggy
1.9,django/contrib/admin/templatetags/log.py,clean
1.9,django/contrib/admin/tests.py,buggy
1.9,django/contrib/admin/utils.py,buggy
1.9,django/contrib/admin/views/__init__.py,clean
1.9,django/contrib/admin/views/decorators.py,clean
1.9,django/contrib/admin/views/main.py,buggy
1.9,django/contrib/admin/widgets.py,buggy
1.9,django/contrib/admindocs/__init__.py,clean
1.9,django/contrib/admindocs/apps.py,clean
1.9,django/contrib/admindocs/middleware.py,buggy
1.9,django/contrib/admindocs/tests/__init__.py,clean
1.9,django/contrib/admindocs/tests/test_fields.py,clean
1.9,django/contrib/admindocs/urls.py,clean
1.9,django/contrib/admindocs/utils.py,buggy
1.9,django/contrib/admindocs/views.py,buggy
1.9,django/contrib/auth/__init__.py,buggy
1.9,django/contrib/auth/admin.py,buggy
1.9,django/contrib/auth/apps.py,clean
1.9,django/contrib/auth/backends.py,buggy
1.9,django/contrib/auth/base_user.py,clean
1.9,django/contrib/auth/checks.py,buggy
1.9,django/contrib/auth/context_processors.py,clean
1.9,django/contrib/auth/decorators.py,clean
1.9,django/contrib/auth/forms.py,buggy
1.9,django/contrib/auth/handlers/__init__.py,clean
1.9,django/contrib/auth/handlers/modwsgi.py,clean
1.9,django/contrib/auth/hashers.py,buggy
1.9,django/contrib/auth/management/__init__.py,buggy
1.9,django/contrib/auth/management/commands/__init__.py,clean
1.9,django/contrib/auth/management/commands/changepassword.py,clean
1.9,django/contrib/auth/management/commands/createsuperuser.py,buggy
1.9,django/contrib/auth/middleware.py,buggy
1.9,django/contrib/auth/migrations/0001_initial.py,buggy
1.9,django/contrib/auth/migrations/0002_alter_permission_name_max_length.py,clean
1.9,django/contrib/auth/migrations/0003_alter_user_email_max_length.py,clean
1.9,django/contrib/auth/migrations/0004_alter_user_username_opts.py,buggy
1.9,django/contrib/auth/migrations/0005_alter_user_last_login_null.py,clean
1.9,django/contrib/auth/migrations/0006_require_contenttypes_0002.py,clean
1.9,django/contrib/auth/migrations/0007_alter_validators_add_error_messages.py,buggy
1.9,django/contrib/auth/migrations/__init__.py,clean
1.9,django/contrib/auth/mixins.py,buggy
1.9,django/contrib/auth/models.py,buggy
1.9,django/contrib/auth/password_validation.py,buggy
1.9,django/contrib/auth/signals.py,clean
1.9,django/contrib/auth/tests/__init__.py,clean
1.9,django/contrib/auth/tests/custom_user.py,buggy
1.9,django/contrib/auth/tests/utils.py,clean
1.9,django/contrib/auth/tokens.py,clean
1.9,django/contrib/auth/urls.py,clean
1.9,django/contrib/auth/views.py,buggy
1.9,django/contrib/contenttypes/__init__.py,clean
1.9,django/contrib/contenttypes/admin.py,clean
1.9,django/contrib/contenttypes/apps.py,clean
1.9,django/contrib/contenttypes/checks.py,clean
1.9,django/contrib/contenttypes/fields.py,buggy
1.9,django/contrib/contenttypes/forms.py,buggy
1.9,django/contrib/contenttypes/management.py,clean
1.9,django/contrib/contenttypes/migrations/0001_initial.py,clean
1.9,django/contrib/contenttypes/migrations/0002_remove_content_type_name.py,buggy
1.9,django/contrib/contenttypes/migrations/__init__.py,clean
1.9,django/contrib/contenttypes/models.py,buggy
1.9,django/contrib/contenttypes/views.py,buggy
1.9,django/contrib/flatpages/__init__.py,clean
1.9,django/contrib/flatpages/admin.py,clean
1.9,django/contrib/flatpages/apps.py,clean
1.9,django/contrib/flatpages/forms.py,buggy
1.9,django/contrib/flatpages/middleware.py,clean
1.9,django/contrib/flatpages/migrations/0001_initial.py,clean
1.9,django/contrib/flatpages/migrations/__init__.py,clean
1.9,django/contrib/flatpages/models.py,buggy
1.9,django/contrib/flatpages/sitemaps.py,clean
1.9,django/contrib/flatpages/templatetags/__init__.py,clean
1.9,django/contrib/flatpages/templatetags/flatpages.py,clean
1.9,django/contrib/flatpages/urls.py,clean
1.9,django/contrib/flatpages/views.py,clean
1.9,django/contrib/gis/__init__.py,clean
1.9,django/contrib/gis/admin/__init__.py,clean
1.9,django/contrib/gis/admin/options.py,clean
1.9,django/contrib/gis/admin/widgets.py,buggy
1.9,django/contrib/gis/apps.py,clean
1.9,django/contrib/gis/db/__init__.py,clean
1.9,django/contrib/gis/db/backends/__init__.py,clean
1.9,django/contrib/gis/db/backends/base/__init__.py,clean
1.9,django/contrib/gis/db/backends/base/adapter.py,clean
1.9,django/contrib/gis/db/backends/base/features.py,clean
1.9,django/contrib/gis/db/backends/base/models.py,buggy
1.9,django/contrib/gis/db/backends/base/operations.py,buggy
1.9,django/contrib/gis/db/backends/mysql/__init__.py,clean
1.9,django/contrib/gis/db/backends/mysql/base.py,clean
1.9,django/contrib/gis/db/backends/mysql/features.py,clean
1.9,django/contrib/gis/db/backends/mysql/introspection.py,clean
1.9,django/contrib/gis/db/backends/mysql/operations.py,buggy
1.9,django/contrib/gis/db/backends/mysql/schema.py,clean
1.9,django/contrib/gis/db/backends/oracle/__init__.py,clean
1.9,django/contrib/gis/db/backends/oracle/adapter.py,clean
1.9,django/contrib/gis/db/backends/oracle/base.py,clean
1.9,django/contrib/gis/db/backends/oracle/features.py,clean
1.9,django/contrib/gis/db/backends/oracle/introspection.py,buggy
1.9,django/contrib/gis/db/backends/oracle/models.py,clean
1.9,django/contrib/gis/db/backends/oracle/operations.py,buggy
1.9,django/contrib/gis/db/backends/oracle/schema.py,buggy
1.9,django/contrib/gis/db/backends/postgis/__init__.py,clean
1.9,django/contrib/gis/db/backends/postgis/adapter.py,buggy
1.9,django/contrib/gis/db/backends/postgis/base.py,clean
1.9,django/contrib/gis/db/backends/postgis/const.py,clean
1.9,django/contrib/gis/db/backends/postgis/features.py,clean
1.9,django/contrib/gis/db/backends/postgis/introspection.py,clean
1.9,django/contrib/gis/db/backends/postgis/models.py,clean
1.9,django/contrib/gis/db/backends/postgis/operations.py,buggy
1.9,django/contrib/gis/db/backends/postgis/pgraster.py,buggy
1.9,django/contrib/gis/db/backends/postgis/schema.py,clean
1.9,django/contrib/gis/db/backends/spatialite/__init__.py,clean
1.9,django/contrib/gis/db/backends/spatialite/adapter.py,clean
1.9,django/contrib/gis/db/backends/spatialite/base.py,clean
1.9,django/contrib/gis/db/backends/spatialite/client.py,clean
1.9,django/contrib/gis/db/backends/spatialite/features.py,clean
1.9,django/contrib/gis/db/backends/spatialite/introspection.py,clean
1.9,django/contrib/gis/db/backends/spatialite/models.py,clean
1.9,django/contrib/gis/db/backends/spatialite/operations.py,buggy
1.9,django/contrib/gis/db/backends/spatialite/schema.py,buggy
1.9,django/contrib/gis/db/backends/utils.py,clean
1.9,django/contrib/gis/db/models/__init__.py,clean
1.9,django/contrib/gis/db/models/aggregates.py,clean
1.9,django/contrib/gis/db/models/fields.py,buggy
1.9,django/contrib/gis/db/models/functions.py,buggy
1.9,django/contrib/gis/db/models/lookups.py,buggy
1.9,django/contrib/gis/db/models/manager.py,clean
1.9,django/contrib/gis/db/models/proxy.py,clean
1.9,django/contrib/gis/db/models/query.py,clean
1.9,django/contrib/gis/db/models/sql/__init__.py,clean
1.9,django/contrib/gis/db/models/sql/aggregates.py,clean
1.9,django/contrib/gis/db/models/sql/conversion.py,buggy
1.9,django/contrib/gis/feeds.py,clean
1.9,django/contrib/gis/forms/__init__.py,clean
1.9,django/contrib/gis/forms/fields.py,buggy
1.9,django/contrib/gis/forms/widgets.py,buggy
1.9,django/contrib/gis/gdal/__init__.py,buggy
1.9,django/contrib/gis/gdal/base.py,clean
1.9,django/contrib/gis/gdal/datasource.py,buggy
1.9,django/contrib/gis/gdal/driver.py,buggy
1.9,django/contrib/gis/gdal/envelope.py,clean
1.9,django/contrib/gis/gdal/error.py,clean
1.9,django/contrib/gis/gdal/feature.py,buggy
1.9,django/contrib/gis/gdal/field.py,clean
1.9,django/contrib/gis/gdal/geometries.py,buggy
1.9,django/contrib/gis/gdal/geomtype.py,clean
1.9,django/contrib/gis/gdal/layer.py,clean
1.9,django/contrib/gis/gdal/libgdal.py,buggy
1.9,django/contrib/gis/gdal/prototypes/__init__.py,clean
1.9,django/contrib/gis/gdal/prototypes/ds.py,clean
1.9,django/contrib/gis/gdal/prototypes/errcheck.py,clean
1.9,django/contrib/gis/gdal/prototypes/generation.py,clean
1.9,django/contrib/gis/gdal/prototypes/geom.py,clean
1.9,django/contrib/gis/gdal/prototypes/raster.py,buggy
1.9,django/contrib/gis/gdal/prototypes/srs.py,buggy
1.9,django/contrib/gis/gdal/raster/__init__.py,clean
1.9,django/contrib/gis/gdal/raster/band.py,buggy
1.9,django/contrib/gis/gdal/raster/const.py,clean
1.9,django/contrib/gis/gdal/raster/source.py,buggy
1.9,django/contrib/gis/gdal/srs.py,buggy
1.9,django/contrib/gis/geoip/__init__.py,clean
1.9,django/contrib/gis/geoip/base.py,clean
1.9,django/contrib/gis/geoip/libgeoip.py,clean
1.9,django/contrib/gis/geoip/prototypes.py,clean
1.9,django/contrib/gis/geoip2/__init__.py,clean
1.9,django/contrib/gis/geoip2/base.py,buggy
1.9,django/contrib/gis/geoip2/resources.py,clean
1.9,django/contrib/gis/geometry/__init__.py,clean
1.9,django/contrib/gis/geometry/backend/__init__.py,clean
1.9,django/contrib/gis/geometry/backend/geos.py,clean
1.9,django/contrib/gis/geometry/regex.py,buggy
1.9,django/contrib/gis/geos/__init__.py,clean
1.9,django/contrib/gis/geos/base.py,clean
1.9,django/contrib/gis/geos/collections.py,buggy
1.9,django/contrib/gis/geos/coordseq.py,clean
1.9,django/contrib/gis/geos/error.py,clean
1.9,django/contrib/gis/geos/factory.py,clean
1.9,django/contrib/gis/geos/geometry.py,buggy
1.9,django/contrib/gis/geos/io.py,clean
1.9,django/contrib/gis/geos/libgeos.py,clean
1.9,django/contrib/gis/geos/linestring.py,clean
1.9,django/contrib/gis/geos/mutable_list.py,clean
1.9,django/contrib/gis/geos/point.py,clean
1.9,django/contrib/gis/geos/polygon.py,buggy
1.9,django/contrib/gis/geos/prepared.py,buggy
1.9,django/contrib/gis/geos/prototypes/__init__.py,clean
1.9,django/contrib/gis/geos/prototypes/coordseq.py,clean
1.9,django/contrib/gis/geos/prototypes/errcheck.py,clean
1.9,django/contrib/gis/geos/prototypes/geom.py,clean
1.9,django/contrib/gis/geos/prototypes/io.py,buggy
1.9,django/contrib/gis/geos/prototypes/misc.py,clean
1.9,django/contrib/gis/geos/prototypes/predicates.py,clean
1.9,django/contrib/gis/geos/prototypes/prepared.py,clean
1.9,django/contrib/gis/geos/prototypes/threadsafe.py,clean
1.9,django/contrib/gis/geos/prototypes/topology.py,clean
1.9,django/contrib/gis/management/__init__.py,clean
1.9,django/contrib/gis/management/commands/__init__.py,clean
1.9,django/contrib/gis/management/commands/inspectdb.py,clean
1.9,django/contrib/gis/management/commands/ogrinspect.py,clean
1.9,django/contrib/gis/maps/__init__.py,clean
1.9,django/contrib/gis/maps/google/__init__.py,clean
1.9,django/contrib/gis/maps/google/gmap.py,clean
1.9,django/contrib/gis/maps/google/overlays.py,clean
1.9,django/contrib/gis/maps/google/zoom.py,clean
1.9,django/contrib/gis/maps/openlayers/__init__.py,clean
1.9,django/contrib/gis/measure.py,clean
1.9,django/contrib/gis/serializers/__init__.py,clean
1.9,django/contrib/gis/serializers/geojson.py,buggy
1.9,django/contrib/gis/shortcuts.py,clean
1.9,django/contrib/gis/sitemaps/__init__.py,clean
1.9,django/contrib/gis/sitemaps/kml.py,clean
1.9,django/contrib/gis/sitemaps/views.py,clean
1.9,django/contrib/gis/utils/__init__.py,buggy
1.9,django/contrib/gis/utils/layermapping.py,buggy
1.9,django/contrib/gis/utils/ogrinfo.py,clean
1.9,django/contrib/gis/utils/ogrinspect.py,clean
1.9,django/contrib/gis/utils/srs.py,clean
1.9,django/contrib/gis/utils/wkt.py,clean
1.9,django/contrib/gis/views.py,clean
1.9,django/contrib/humanize/__init__.py,clean
1.9,django/contrib/humanize/apps.py,clean
1.9,django/contrib/humanize/templatetags/__init__.py,clean
1.9,django/contrib/humanize/templatetags/humanize.py,buggy
1.9,django/contrib/messages/__init__.py,clean
1.9,django/contrib/messages/api.py,buggy
1.9,django/contrib/messages/apps.py,clean
1.9,django/contrib/messages/constants.py,clean
1.9,django/contrib/messages/context_processors.py,clean
1.9,django/contrib/messages/middleware.py,clean
1.9,django/contrib/messages/storage/__init__.py,clean
1.9,django/contrib/messages/storage/base.py,buggy
1.9,django/contrib/messages/storage/cookie.py,buggy
1.9,django/contrib/messages/storage/fallback.py,clean
1.9,django/contrib/messages/storage/session.py,clean
1.9,django/contrib/messages/utils.py,clean
1.9,django/contrib/messages/views.py,clean
1.9,django/contrib/postgres/__init__.py,clean
1.9,django/contrib/postgres/aggregates/__init__.py,clean
1.9,django/contrib/postgres/aggregates/general.py,clean
1.9,django/contrib/postgres/aggregates/statistics.py,clean
1.9,django/contrib/postgres/apps.py,buggy
1.9,django/contrib/postgres/fields/__init__.py,clean
1.9,django/contrib/postgres/fields/array.py,buggy
1.9,django/contrib/postgres/fields/hstore.py,clean
1.9,django/contrib/postgres/fields/jsonb.py,buggy
1.9,django/contrib/postgres/fields/ranges.py,buggy
1.9,django/contrib/postgres/fields/utils.py,clean
1.9,django/contrib/postgres/forms/__init__.py,clean
1.9,django/contrib/postgres/forms/array.py,buggy
1.9,django/contrib/postgres/forms/hstore.py,buggy
1.9,django/contrib/postgres/forms/jsonb.py,clean
1.9,django/contrib/postgres/forms/ranges.py,buggy
1.9,django/contrib/postgres/functions.py,clean
1.9,django/contrib/postgres/lookups.py,buggy
1.9,django/contrib/postgres/operations.py,buggy
1.9,django/contrib/postgres/signals.py,buggy
1.9,django/contrib/postgres/validators.py,buggy
1.9,django/contrib/redirects/__init__.py,clean
1.9,django/contrib/redirects/admin.py,clean
1.9,django/contrib/redirects/apps.py,clean
1.9,django/contrib/redirects/middleware.py,clean
1.9,django/contrib/redirects/migrations/0001_initial.py,clean
1.9,django/contrib/redirects/migrations/__init__.py,clean
1.9,django/contrib/redirects/models.py,clean
1.9,django/contrib/sessions/__init__.py,clean
1.9,django/contrib/sessions/apps.py,clean
1.9,django/contrib/sessions/backends/__init__.py,clean
1.9,django/contrib/sessions/backends/base.py,buggy
1.9,django/contrib/sessions/backends/cache.py,buggy
1.9,django/contrib/sessions/backends/cached_db.py,clean
1.9,django/contrib/sessions/backends/db.py,buggy
1.9,django/contrib/sessions/backends/file.py,buggy
1.9,django/contrib/sessions/backends/signed_cookies.py,buggy
1.9,django/contrib/sessions/base_session.py,clean
1.9,django/contrib/sessions/exceptions.py,clean
1.9,django/contrib/sessions/management/__init__.py,clean
1.9,django/contrib/sessions/management/commands/__init__.py,clean
1.9,django/contrib/sessions/management/commands/clearsessions.py,clean
1.9,django/contrib/sessions/middleware.py,buggy
1.9,django/contrib/sessions/migrations/0001_initial.py,clean
1.9,django/contrib/sessions/migrations/__init__.py,clean
1.9,django/contrib/sessions/models.py,clean
1.9,django/contrib/sessions/serializers.py,clean
1.9,django/contrib/sitemaps/__init__.py,clean
1.9,django/contrib/sitemaps/apps.py,clean
1.9,django/contrib/sitemaps/management/__init__.py,clean
1.9,django/contrib/sitemaps/management/commands/__init__.py,clean
1.9,django/contrib/sitemaps/management/commands/ping_google.py,clean
1.9,django/contrib/sitemaps/views.py,buggy
1.9,django/contrib/sites/__init__.py,clean
1.9,django/contrib/sites/admin.py,clean
1.9,django/contrib/sites/apps.py,clean
1.9,django/contrib/sites/management.py,clean
1.9,django/contrib/sites/managers.py,clean
1.9,django/contrib/sites/middleware.py,buggy
1.9,django/contrib/sites/migrations/0001_initial.py,clean
1.9,django/contrib/sites/migrations/0002_alter_domain_unique.py,clean
1.9,django/contrib/sites/migrations/__init__.py,clean
1.9,django/contrib/sites/models.py,buggy
1.9,django/contrib/sites/requests.py,clean
1.9,django/contrib/sites/shortcuts.py,clean
1.9,django/contrib/staticfiles/__init__.py,clean
1.9,django/contrib/staticfiles/apps.py,clean
1.9,django/contrib/staticfiles/finders.py,clean
1.9,django/contrib/staticfiles/handlers.py,clean
1.9,django/contrib/staticfiles/management/__init__.py,clean
1.9,django/contrib/staticfiles/management/commands/__init__.py,clean
1.9,django/contrib/staticfiles/management/commands/collectstatic.py,buggy
1.9,django/contrib/staticfiles/management/commands/findstatic.py,clean
1.9,django/contrib/staticfiles/management/commands/runserver.py,clean
1.9,django/contrib/staticfiles/storage.py,buggy
1.9,django/contrib/staticfiles/templatetags/__init__.py,clean
1.9,django/contrib/staticfiles/templatetags/staticfiles.py,clean
1.9,django/contrib/staticfiles/testing.py,clean
1.9,django/contrib/staticfiles/urls.py,clean
1.9,django/contrib/staticfiles/utils.py,clean
1.9,django/contrib/staticfiles/views.py,buggy
1.9,django/contrib/syndication/__init__.py,clean
1.9,django/contrib/syndication/apps.py,clean
1.9,django/contrib/syndication/views.py,clean
1.9,django/contrib/webdesign/__init__.py,clean
1.9,django/contrib/webdesign/apps.py,clean
1.9,django/contrib/webdesign/templatetags/__init__.py,clean
1.9,django/contrib/webdesign/templatetags/webdesign.py,clean
1.9,django/core/__init__.py,clean
1.9,django/core/cache/__init__.py,buggy
1.9,django/core/cache/backends/__init__.py,clean
1.9,django/core/cache/backends/base.py,buggy
1.9,django/core/cache/backends/db.py,buggy
1.9,django/core/cache/backends/dummy.py,clean
1.9,django/core/cache/backends/filebased.py,buggy
1.9,django/core/cache/backends/locmem.py,clean
1.9,django/core/cache/backends/memcached.py,buggy
1.9,django/core/cache/utils.py,clean
1.9,django/core/checks/__init__.py,clean
1.9,django/core/checks/caches.py,clean
1.9,django/core/checks/compatibility/__init__.py,clean
1.9,django/core/checks/compatibility/django_1_8_0.py,clean
1.9,django/core/checks/messages.py,clean
1.9,django/core/checks/model_checks.py,buggy
1.9,django/core/checks/registry.py,clean
1.9,django/core/checks/security/__init__.py,clean
1.9,django/core/checks/security/base.py,clean
1.9,django/core/checks/security/csrf.py,clean
1.9,django/core/checks/security/sessions.py,clean
1.9,django/core/checks/templates.py,clean
1.9,django/core/checks/urls.py,buggy
1.9,django/core/context_processors.py,clean
1.9,django/core/exceptions.py,clean
1.9,django/core/files/__init__.py,clean
1.9,django/core/files/base.py,clean
1.9,django/core/files/images.py,clean
1.9,django/core/files/locks.py,buggy
1.9,django/core/files/move.py,buggy
1.9,django/core/files/storage.py,buggy
1.9,django/core/files/temp.py,clean
1.9,django/core/files/uploadedfile.py,clean
1.9,django/core/files/uploadhandler.py,clean
1.9,django/core/files/utils.py,clean
1.9,django/core/handlers/__init__.py,clean
1.9,django/core/handlers/base.py,buggy
1.9,django/core/handlers/wsgi.py,buggy
1.9,django/core/mail/__init__.py,clean
1.9,django/core/mail/backends/__init__.py,clean
1.9,django/core/mail/backends/base.py,clean
1.9,django/core/mail/backends/console.py,clean
1.9,django/core/mail/backends/dummy.py,clean
1.9,django/core/mail/backends/filebased.py,clean
1.9,django/core/mail/backends/locmem.py,buggy
1.9,django/core/mail/backends/smtp.py,buggy
1.9,django/core/mail/message.py,buggy
1.9,django/core/mail/utils.py,buggy
1.9,django/core/management/__init__.py,buggy
1.9,django/core/management/base.py,buggy
1.9,django/core/management/color.py,clean
1.9,django/core/management/commands/__init__.py,clean
1.9,django/core/management/commands/check.py,clean
1.9,django/core/management/commands/compilemessages.py,buggy
1.9,django/core/management/commands/createcachetable.py,clean
1.9,django/core/management/commands/dbshell.py,clean
1.9,django/core/management/commands/diffsettings.py,buggy
1.9,django/core/management/commands/dumpdata.py,buggy
1.9,django/core/management/commands/flush.py,clean
1.9,django/core/management/commands/inspectdb.py,buggy
1.9,django/core/management/commands/loaddata.py,buggy
1.9,django/core/management/commands/makemessages.py,buggy
1.9,django/core/management/commands/makemigrations.py,buggy
1.9,django/core/management/commands/migrate.py,buggy
1.9,django/core/management/commands/runserver.py,buggy
1.9,django/core/management/commands/sendtestemail.py,clean
1.9,django/core/management/commands/shell.py,buggy
1.9,django/core/management/commands/showmigrations.py,clean
1.9,django/core/management/commands/sqlflush.py,clean
1.9,django/core/management/commands/sqlmigrate.py,buggy
1.9,django/core/management/commands/sqlsequencereset.py,clean
1.9,django/core/management/commands/squashmigrations.py,buggy
1.9,django/core/management/commands/startapp.py,clean
1.9,django/core/management/commands/startproject.py,clean
1.9,django/core/management/commands/test.py,buggy
1.9,django/core/management/commands/testserver.py,clean
1.9,django/core/management/sql.py,clean
1.9,django/core/management/templates.py,buggy
1.9,django/core/management/utils.py,buggy
1.9,django/core/paginator.py,buggy
1.9,django/core/serializers/__init__.py,buggy
1.9,django/core/serializers/base.py,buggy
1.9,django/core/serializers/json.py,clean
1.9,django/core/serializers/python.py,clean
1.9,django/core/serializers/pyyaml.py,clean
1.9,django/core/serializers/xml_serializer.py,buggy
1.9,django/core/servers/__init__.py,clean
1.9,django/core/servers/basehttp.py,buggy
1.9,django/core/signals.py,clean
1.9,django/core/signing.py,clean
1.9,django/core/urlresolvers.py,clean
1.9,django/core/validators.py,buggy
1.9,django/core/wsgi.py,clean
1.9,django/db/__init__.py,clean
1.9,django/db/backends/__init__.py,clean
1.9,django/db/backends/base/__init__.py,clean
1.9,django/db/backends/base/base.py,buggy
1.9,django/db/backends/base/client.py,clean
1.9,django/db/backends/base/creation.py,buggy
1.9,django/db/backends/base/features.py,buggy
1.9,django/db/backends/base/introspection.py,buggy
1.9,django/db/backends/base/operations.py,buggy
1.9,django/db/backends/base/schema.py,buggy
1.9,django/db/backends/base/validation.py,clean
1.9,django/db/backends/dummy/__init__.py,clean
1.9,django/db/backends/dummy/base.py,clean
1.9,django/db/backends/dummy/features.py,clean
1.9,django/db/backends/mysql/__init__.py,clean
1.9,django/db/backends/mysql/base.py,buggy
1.9,django/db/backends/mysql/client.py,clean
1.9,django/db/backends/mysql/compiler.py,clean
1.9,django/db/backends/mysql/creation.py,buggy
1.9,django/db/backends/mysql/features.py,buggy
1.9,django/db/backends/mysql/introspection.py,buggy
1.9,django/db/backends/mysql/operations.py,buggy
1.9,django/db/backends/mysql/schema.py,buggy
1.9,django/db/backends/mysql/validation.py,buggy
1.9,django/db/backends/oracle/__init__.py,clean
1.9,django/db/backends/oracle/base.py,buggy
1.9,django/db/backends/oracle/client.py,clean
1.9,django/db/backends/oracle/compiler.py,clean
1.9,django/db/backends/oracle/creation.py,buggy
1.9,django/db/backends/oracle/features.py,buggy
1.9,django/db/backends/oracle/functions.py,clean
1.9,django/db/backends/oracle/introspection.py,buggy
1.9,django/db/backends/oracle/operations.py,buggy
1.9,django/db/backends/oracle/schema.py,buggy
1.9,django/db/backends/oracle/utils.py,clean
1.9,django/db/backends/postgresql/__init__.py,clean
1.9,django/db/backends/postgresql/base.py,buggy
1.9,django/db/backends/postgresql/client.py,buggy
1.9,django/db/backends/postgresql/creation.py,buggy
1.9,django/db/backends/postgresql/features.py,clean
1.9,django/db/backends/postgresql/introspection.py,clean
1.9,django/db/backends/postgresql/operations.py,buggy
1.9,django/db/backends/postgresql/schema.py,buggy
1.9,django/db/backends/postgresql/utils.py,clean
1.9,django/db/backends/postgresql/version.py,clean
1.9,django/db/backends/postgresql_psycopg2/__init__.py,clean
1.9,django/db/backends/postgresql_psycopg2/base.py,clean
1.9,django/db/backends/postgresql_psycopg2/client.py,clean
1.9,django/db/backends/postgresql_psycopg2/creation.py,clean
1.9,django/db/backends/postgresql_psycopg2/features.py,clean
1.9,django/db/backends/postgresql_psycopg2/introspection.py,clean
1.9,django/db/backends/postgresql_psycopg2/operations.py,clean
1.9,django/db/backends/postgresql_psycopg2/schema.py,clean
1.9,django/db/backends/postgresql_psycopg2/utils.py,clean
1.9,django/db/backends/postgresql_psycopg2/version.py,clean
1.9,django/db/backends/signals.py,clean
1.9,django/db/backends/sqlite3/__init__.py,clean
1.9,django/db/backends/sqlite3/base.py,buggy
1.9,django/db/backends/sqlite3/client.py,buggy
1.9,django/db/backends/sqlite3/creation.py,clean
1.9,django/db/backends/sqlite3/features.py,buggy
1.9,django/db/backends/sqlite3/introspection.py,buggy
1.9,django/db/backends/sqlite3/operations.py,buggy
1.9,django/db/backends/sqlite3/schema.py,buggy
1.9,django/db/backends/utils.py,buggy
1.9,django/db/migrations/__init__.py,clean
1.9,django/db/migrations/autodetector.py,buggy
1.9,django/db/migrations/exceptions.py,buggy
1.9,django/db/migrations/executor.py,buggy
1.9,django/db/migrations/graph.py,buggy
1.9,django/db/migrations/loader.py,buggy
1.9,django/db/migrations/migration.py,buggy
1.9,django/db/migrations/operations/__init__.py,clean
1.9,django/db/migrations/operations/base.py,clean
1.9,django/db/migrations/operations/fields.py,buggy
1.9,django/db/migrations/operations/models.py,buggy
1.9,django/db/migrations/operations/special.py,buggy
1.9,django/db/migrations/optimizer.py,clean
1.9,django/db/migrations/questioner.py,buggy
1.9,django/db/migrations/recorder.py,buggy
1.9,django/db/migrations/state.py,buggy
1.9,django/db/migrations/topological_sort.py,clean
1.9,django/db/migrations/utils.py,clean
1.9,django/db/migrations/writer.py,buggy
1.9,django/db/models/__init__.py,clean
1.9,django/db/models/aggregates.py,buggy
1.9,django/db/models/base.py,buggy
1.9,django/db/models/constants.py,clean
1.9,django/db/models/deletion.py,clean
1.9,django/db/models/expressions.py,buggy
1.9,django/db/models/fields/__init__.py,buggy
1.9,django/db/models/fields/files.py,buggy
1.9,django/db/models/fields/proxy.py,clean
1.9,django/db/models/fields/related.py,buggy
1.9,django/db/models/fields/related_descriptors.py,buggy
1.9,django/db/models/fields/related_lookups.py,buggy
1.9,django/db/models/fields/reverse_related.py,buggy
1.9,django/db/models/fields/subclassing.py,clean
1.9,django/db/models/functions.py,clean
1.9,django/db/models/lookups.py,buggy
1.9,django/db/models/manager.py,buggy
1.9,django/db/models/options.py,buggy
1.9,django/db/models/query.py,buggy
1.9,django/db/models/query_utils.py,buggy
1.9,django/db/models/signals.py,buggy
1.9,django/db/models/sql/__init__.py,clean
1.9,django/db/models/sql/aggregates.py,clean
1.9,django/db/models/sql/compiler.py,buggy
1.9,django/db/models/sql/constants.py,clean
1.9,django/db/models/sql/datastructures.py,buggy
1.9,django/db/models/sql/query.py,buggy
1.9,django/db/models/sql/subqueries.py,buggy
1.9,django/db/models/sql/where.py,buggy
1.9,django/db/models/utils.py,clean
1.9,django/db/transaction.py,clean
1.9,django/db/utils.py,buggy
1.9,django/dispatch/__init__.py,clean
1.9,django/dispatch/dispatcher.py,buggy
1.9,django/dispatch/weakref_backports.py,clean
1.9,django/forms/__init__.py,clean
1.9,django/forms/boundfield.py,buggy
1.9,django/forms/extras/__init__.py,clean
1.9,django/forms/extras/widgets.py,clean
1.9,django/forms/fields.py,buggy
1.9,django/forms/forms.py,buggy
1.9,django/forms/formsets.py,buggy
1.9,django/forms/models.py,buggy
1.9,django/forms/utils.py,buggy
1.9,django/forms/widgets.py,buggy
1.9,django/http/__init__.py,clean
1.9,django/http/cookie.py,buggy
1.9,django/http/multipartparser.py,buggy
1.9,django/http/request.py,buggy
1.9,django/http/response.py,buggy
1.9,django/http/utils.py,clean
1.9,django/middleware/__init__.py,clean
1.9,django/middleware/cache.py,buggy
1.9,django/middleware/clickjacking.py,clean
1.9,django/middleware/common.py,buggy
1.9,django/middleware/csrf.py,buggy
1.9,django/middleware/gzip.py,clean
1.9,django/middleware/http.py,buggy
1.9,django/middleware/locale.py,buggy
1.9,django/middleware/security.py,buggy
1.9,django/shortcuts.py,buggy
1.9,django/template/__init__.py,clean
1.9,django/template/backends/__init__.py,clean
1.9,django/template/backends/base.py,clean
1.9,django/template/backends/django.py,buggy
1.9,django/template/backends/dummy.py,clean
1.9,django/template/backends/jinja2.py,buggy
1.9,django/template/backends/utils.py,clean
1.9,django/template/base.py,buggy
1.9,django/template/context.py,buggy
1.9,django/template/context_processors.py,clean
1.9,django/template/defaultfilters.py,buggy
1.9,django/template/defaulttags.py,buggy
1.9,django/template/engine.py,buggy
1.9,django/template/exceptions.py,clean
1.9,django/template/library.py,clean
1.9,django/template/loader.py,clean
1.9,django/template/loader_tags.py,buggy
1.9,django/template/loaders/__init__.py,clean
1.9,django/template/loaders/app_directories.py,clean
1.9,django/template/loaders/base.py,clean
1.9,django/template/loaders/cached.py,buggy
1.9,django/template/loaders/eggs.py,clean
1.9,django/template/loaders/filesystem.py,clean
1.9,django/template/loaders/locmem.py,clean
1.9,django/template/response.py,buggy
1.9,django/template/smartif.py,clean
1.9,django/template/utils.py,clean
1.9,django/templatetags/__init__.py,clean
1.9,django/templatetags/cache.py,clean
1.9,django/templatetags/future.py,clean
1.9,django/templatetags/i18n.py,buggy
1.9,django/templatetags/l10n.py,clean
1.9,django/templatetags/static.py,buggy
1.9,django/templatetags/tz.py,clean
1.9,django/test/__init__.py,clean
1.9,django/test/client.py,buggy
1.9,django/test/html.py,buggy
1.9,django/test/runner.py,buggy
1.9,django/test/signals.py,buggy
1.9,django/test/testcases.py,buggy
1.9,django/test/utils.py,buggy
1.9,django/utils/__init__.py,clean
1.9,django/utils/_os.py,clean
1.9,django/utils/archive.py,clean
1.9,django/utils/autoreload.py,buggy
1.9,django/utils/baseconv.py,buggy
1.9,django/utils/cache.py,buggy
1.9,django/utils/checksums.py,clean
1.9,django/utils/crypto.py,clean
1.9,django/utils/datastructures.py,buggy
1.9,django/utils/dateformat.py,buggy
1.9,django/utils/dateparse.py,buggy
1.9,django/utils/dates.py,clean
1.9,django/utils/datetime_safe.py,clean
1.9,django/utils/deconstruct.py,clean
1.9,django/utils/decorators.py,buggy
1.9,django/utils/deprecation.py,clean
1.9,django/utils/duration.py,clean
1.9,django/utils/encoding.py,buggy
1.9,django/utils/feedgenerator.py,buggy
1.9,django/utils/formats.py,buggy
1.9,django/utils/functional.py,buggy
1.9,django/utils/glob.py,clean
1.9,django/utils/html.py,buggy
1.9,django/utils/html_parser.py,clean
1.9,django/utils/http.py,buggy
1.9,django/utils/inspect.py,buggy
1.9,django/utils/ipv6.py,buggy
1.9,django/utils/itercompat.py,clean
1.9,django/utils/jslex.py,clean
1.9,django/utils/log.py,buggy
1.9,django/utils/lorem_ipsum.py,clean
1.9,django/utils/lru_cache.py,clean
1.9,django/utils/module_loading.py,buggy
1.9,django/utils/numberformat.py,buggy
1.9,django/utils/regex_helper.py,clean
1.9,django/utils/safestring.py,clean
1.9,django/utils/six.py,clean
1.9,django/utils/synch.py,clean
1.9,django/utils/termcolors.py,clean
1.9,django/utils/text.py,buggy
1.9,django/utils/timesince.py,buggy
1.9,django/utils/timezone.py,buggy
1.9,django/utils/translation/__init__.py,buggy
1.9,django/utils/translation/trans_null.py,clean
1.9,django/utils/translation/trans_real.py,buggy
1.9,django/utils/tree.py,buggy
1.9,django/utils/version.py,clean
1.9,django/utils/xmlutils.py,clean
1.9,django/views/__init__.py,clean
1.9,django/views/csrf.py,buggy
1.9,django/views/debug.py,buggy
1.9,django/views/decorators/__init__.py,clean
1.9,django/views/decorators/cache.py,clean
1.9,django/views/decorators/clickjacking.py,clean
1.9,django/views/decorators/csrf.py,clean
1.9,django/views/decorators/debug.py,clean
1.9,django/views/decorators/gzip.py,clean
1.9,django/views/decorators/http.py,buggy
1.9,django/views/decorators/vary.py,clean
1.9,django/views/defaults.py,buggy
1.9,django/views/generic/__init__.py,clean
1.9,django/views/generic/base.py,clean
1.9,django/views/generic/dates.py,buggy
1.9,django/views/generic/detail.py,buggy
1.9,django/views/generic/edit.py,buggy
1.9,django/views/generic/list.py,clean
1.9,django/views/i18n.py,buggy
1.9,django/views/static.py,buggy
