pair,train_version,test_version,test_size,pairwise_leakage_pct,pairwise_same_file,pairwise_collision,cumulative_fresh_leakage_pct,cumulative_fresh_same_file,cumulative_fresh_collision,cumulative_carried_leakage_pct,cumulative_carried_same_file,cumulative_carried_collision
1,calcite-1.0.0-incubating,calcite-1.1.0-incubating,1303,31.85,415,0,32.77,427,0,97.62,279,993
2,calcite-1.1.0-incubating,calcite-1.2.0-incubating,1312,36.28,476,0,33.31,739,0,99.31,30,2545
3,calcite-1.2.0-incubating,calcite-1.3.0-incubating,1320,35.61,470,0,29.09,884,0,99.39,218,3669
4,calcite-1.3.0-incubating,calcite-1.4.0-incubating,1338,34.98,468,0,24.14,919,0,98.65,456,4751
5,calcite-1.4.0-incubating,calcite-1.5.0,1415,31.31,443,0,17.74,822,0,94.56,75,6470
6,calcite-1.5.0,calcite-1.6.0,1439,31.48,453,0,19.32,806,0,98.33,100,7860
7,calcite-1.6.0,calcite-1.7.0,1520,34.01,468,49,20.46,766,77,94.67,113,9286
8,calcite-1.7.0,calcite-1.8.0,1594,34.82,554,1,21.27,926,54,95.36,296,10623
9,calcite-1.8.0,calcite-1.9.0,1620,37.65,610,0,20.8,1002,52,98.4,27,12486
10,calcite-1.9.0,calcite-1.10.0,1622,45.01,730,0,25.65,1230,39,99.88,345,13788
11,calcite-1.10.0,calcite-1.11.0,1648,37.56,618,1,18.26,1124,25,98.42,303,15452
12,calcite-1.11.0,calcite-1.12.0,1746,34.19,597,0,14.78,975,21,94.39,93,17310
13,calcite-1.12.0,calcite-1.13.0,1531,37.69,577,0,15.74,849,0,100.0,362,18212
14,calcite-1.13.0,calcite-1.14.0,1574,35.45,554,4,16.26,930,5,100.0,466,19854
15,calcite-1.14.0,calcite-1.15.0,1626,36.96,601,2,17.28,992,3,100.0,795,21317
